Workbook

Sheet RVN_0524
A1: Numero | B1: Seccion | C1: Reg | D1: Provincia | E1: Canton | F1: Distrito | G1: Ruta | H1: Jerarquia | I1: Red Vial Estrategica | J1: Rve Descripcion | K1: Longitud KM | L1: Longitud Acomulada | M1: Hor_Bueno | N1: Hor_Regular | O1: Hor_Malo | P1: Total | Q1: Ca_Buena | R1: Ca_Regular | S1: Ca_Mala | T1: Total | U1: Ts_Bueno | V1: Ts_Regular | W1: Ts_Malo | X1: Total | Y1: Tsi_Bueno | Z1: Tsi_Regular | AA1: Tsi_Malo | AB1: Total | AC1: Asfalto Total | AD1: Las_Bueno | AE1: Las_Regular | AF1: Las_Malo | AG1: Total | AH1: Tie_Buena | AI1: Tie_Regular | AJ1: Tie_Malo | AK1: Total | AL1: Otros_Buena | AM1: Otros_Regular | AN1: Otros_Malo | AO1: Total | AP1: SA_Buena | AQ1: SA_Regular | AR1: SA_Malo | AS1: Total | AT1: Mp_Buena | AU1: Mp_Regular | AV1: Mp_Malo | AW1: Total | AX1: Descripcion | AY1: Fecha Inv | AZ1: Fecha Rec | BA1: Derecho Via | BB1: Ptes Inadec | BC1: Tipo Terren | BD1: Terreno | BE1: Tipo Sup | BF1: Superficie | BG1: N° Car | BH1: Ancho Sup | BI1: Tipo Esp | BJ1: Espaldon | BK1: Ancho Esp | BL1: Vel | BM1: Tpda | BN1: Aline | BO1: Alineamiento | BP1: Pen | BQ1: Pendiente Descripcion | BR1: Visib | BS1: Esp | BT1: Espaldon Descripcion | BU1: Señal | BV1: Señalamiento Descripcion | BW1: Dren | BX1: Drenaje Descripcion | BY1: Sup | BZ1: Superficie Descripcion | CA1: Estruc Pav | CB1: Estructura Pavimento Descripcion | CC1: Veh Km | CD1: Estacion | CE1: Estacion Base | CF1: Ubicacion
A2: 23 | B2: 10001 | C2: 10 | D2: 1 | E2: 19 | F2: 3 | G2: 2 | H2: =IF(G2<100,"Primaria",IF(AND(G2>39,G2<300),"Secundaria",IF(AND(G2>299),"Terciaria"))) -> Primaria | I2: 1 | J2: =IF(I2=1,"Red de Alta Capacidad",IF(AND(I2=2),"Distribuidores Regionales",IF(AND(I2=3),"Conectores de Integración Territorial",IF(AND(I2=4),"Red Básica de Accesso")))) -> Red de Alta Capacidad | K2: =P2+$T2+$X2+$AB2+$AG2+$AK2+$AW2+AO2+AS2 -> 17.995 | L2: =L1+K2 -> 17.995 | P2: =SUM(M2:O2) -> 0 | Q2: 17.995 | T2: =SUM(Q2:S2) -> 17.995 | X2: =U2+V2+W2 -> 0 | AB2: =Y2+Z2+AA2 -> 0 | AC2: =T2+X2+AB2 -> 17.995 | AG2: =SUM(AD2:AF2) -> 0 | AK2: =SUM(AH2:AJ2) -> 0 | AO2: =SUM(AL2:AN2) -> 0 | AS2: =SUM(AP2:AR2) -> 0 | AW2: =SUM(AT2:AV2) -> 0 | AX2: Juntas De Pacuar(R.244)-Convento (Río Convento)(Lte Provincial) | AY2: 10/14 | AZ2: 05/17 | BA2: 50.0 | BB2: 0 | BC2: 3 | BD2: =IF(BC2=1,"Llano (Pendientes naturales del terreno entre 0 y 5%)",IF(AND(BC2=2),"Algo Ondulado (Pendientes naturales del terreno entre 6 y 14%)",IF(AND(BC2=3),"Muy Ondulado (Pendientes naturales del terreno entre 15 y 25%)",IF(AND(BC2=4),"Montañoso (Pendientes naturales del terreno mayores a 25%)")))) -> Muy Ondulado (Pendientes naturales del terreno entre 15 y 25%) | BE2: 1 | BF2: =VLOOKUP(BE2,'Códigos 2'!$A$1:$B$12,2,FALSE) -> Carpeta Asfáltica (CA) | BG2: 2 | BH2: 6.9 | BI2: 1 | BJ2: =IF(BI2=0,"No existe",IF(AND(BI2=1),"Pavimentado",IF(AND(BI2=2),"Mejorado",IF(AND(BI2=3),"Tierra")))) -> Pavimentado | BK2: 1 | BL2: 60 | BM2: 3700 | BN2: 4 | BO2: =IF(BN2=5,"Alineamiento recto o con curvas tan suaves que no exigen una reducción significativa en la velocidad promedio normal de recorrido.",IF(AND(BN2=4),"Alineamiento con algunas curvas que exigen una reducción significativa en la velocidad promedio de circulación.",IF(AND(BN2=3),"Alineamiento algo sinuoso, pero con curvas cerradas que son aparentes y consistentes con las gradientes y las demás características del camino y del terreno que se atraviesa.",IF(AND(BN2=2),"Curvas cerradas frecuentes y, por lo general, inconsistentes con el terreno y la clase de carretera.",IF(AND(BN2=1),"Alineamiento muy sinuoso en todo el tramo, condición que admite solamente una velocidad de circulación muy baja."))))) -> Alineamiento con algunas curvas que exigen una reducción significativa en la velocidad promedio de circulación. | BP2: 2 | BQ2: =IF(BP2=5,"Pendientes menores del 3% en todo el tramo.",IF(AND(BP2=4),"Pendientes generalmente menores del 3% pero con algunas cuestas de corta longitud de hasta el 5%.",IF(AND(BP2=3),"Pendientes generalmente entre 3 y 6%, pero con una rasante ondulada y, consecuentemente, con tramos cortos de subida fuerte.",IF(AND(BP2=2),"Pendientes sostenidas entre 5 y 8% sobre una buena parte del tramo, condición que afecta en forma marcada la velocidad de recorrido y, cuando hay bastante tránsito, provoca frecuentes colas de vehículos detrás de los vehículos pesados.",IF(AND(BP2=1),"Pendientes sostenidas en exceso del 7% en casi todo el tramo. "))))) -> Pendientes sostenidas entre 5 y 8% sobre una buena parte del tramo, condición que afecta en forma marcada la velocidad de recorrido y, cuando hay bastante tránsito, provoca frecuentes colas de vehículos detrás de los vehículos pesados. | BR2: 1 | BS2: 5 | BT2: =IF(BS2=5,"Superficie de los espaldones firme y regular, y donde se puede utilizar el ancho como fue construido originalmente.",IF(AND(BS2=4),"Superficie generalmente firme y utilizable en todo tiempo, pero con algunos tramos cortos en que el ancho inicial ha sido reducido por erosión u otras causas.",IF(AND(BS2=3),"Superficie erosionada o con baches profundos sobre una buena parte de la subsección, de manera que se inhibe el uso de los espaldones en la debida forma en esa parte.",IF(AND(BS2=2),"Superficie erosionada o con baches profundos, o el ancho transitable de los espaldones reducido sustancialmente, en casi toda la subsección.",IF(AND(BS2=1),"Se encuentra un desnivel peligroso entre el borde del pavimento y el espaldón, o la superficie está muy erosionada, con baches profundos o material suelto, o el ancho muy reducido del original."))))) -> Superficie de los espaldones firme y regular, y donde se puede utilizar el ancho como fue construido originalmente. | BU2: 4 | BV2: =IF(BU2=5,"Las señales son completamente adecuadas en número y ubicación, ",IF(AND(BU2=4),"El señalamiento es bastante completo, faltando solamente algunas señales de guía para los usuarios que no conocen la ruta.",IF(AND(BU2=3),"El señalamiento es regular en cuanto a cantidad y ubicación, siendo notable la falta de algunas señales de precaución y de guía.",IF(AND(BU2=2),"Existen muy pocas señales",IF(AND(BU2=1),"No existen señales o son tan inadecuadas, que no proveen información útil al conductor."))))) -> El señalamiento es bastante completo, faltando solamente algunas señales de guía para los usuarios que no conocen la ruta. | BW2: 5 | BX2: =IF(BW2=5,"Todas las alcantarillas y cunetas están bastante limpias y funcionan debidamente.",IF(AND(BW2=4),"La mayoría de las alcantarillas y cunetas aparentemente funcionan bien, pero existen indicaciones en algunos sitios de que el agua se estanca.",IF(AND(BW2=3),"Parece que algunas alcantarillas o cunetas no tienen capacidad hidráulica suficiente, por la erosión o socavación aparente.",IF(AND(BW2=2),"Parece que la mayoría de las alcantarillas y cunetas son inadecuadas; o hay vados en varios sitios en vez de estructuras de drenaje.",IF(AND(BW2=1),"El agua escurre por la calzada durante períodos de lluvia sobre una buena parte de la sub-sección y no existen cunetas longitudinales definidas; las estructuras de drenaje no existen, o son completamente inadecuadas."))))) -> Todas las alcantarillas y cunetas están bastante limpias y funcionan debidamente. | BY2: 4 | BZ2: =IF(BY2=5,"Superficie lisa, sin baches ni irregularidades notables.",IF(AND(BY2=4),"Superficie generalmente lisa, pero con unas pequeñas corrugaciones u otras irregularidades aisladas, o con baches pequeños superficiales.",IF(AND(BY2=3),"Superficie con frecuentes baches o irregularidades .",IF(AND(BY2=2),"Superficie muy irregular o con baches extensos y frecuentes (o material suelto, en caso de superficies no pavimentadas).",IF(AND(BY2=1),"Superficie muy deteriorada o irregular (o material suelto), hasta tal grado, en casi todo el tramo."))))) -> Superficie generalmente lisa, pero con unas pequeñas corrugaciones u otras irregularidades aisladas, o con baches pequeños superficiales. | CA2: 5 | CB2: =IF(CA2=5,"No existen evidencias de fallas en la estructura del pavimento, con la posible excepción de algunas en la superficie de ruedo.",IF(AND(CA2=4),"Existen huellas o corrugaciones que se derivan por debajo de la superficie de ruedo, pero que son aisladas y de poca extensión.",IF(AND(CA2=3),"Existen deformaciones u otras fallas de consideración sobre una buena parte de la subsección y, aunque no son extensas todavía, parece que siguen extendiéndose.",IF(AND(CA2=2),"Existen deformaciones u otras fallas de consideración sobre la mayor parte del tramo.",IF(AND(CA2=1),"Existen corrugaciones o huellas profundas sobre casi toda la faja de ruedo del tramo, hasta tal grado que no sería factible corregir la falla de la estructura, sino que se tendría que reconstruirla completamente."))))) -> No existen evidencias de fallas en la estructura del pavimento, con la posible excepción de algunas en la superficie de ruedo. | CC2: =(K2*BM2)*365/1000000 -> 24.302248 | CF2: *lectura km 159+700(fecha: miercoles 10/12/2012)
A3: 22 | B3: 10002 | C3: 10 | D3: 1 | E3: 19 | F3: 3 | G3: 2 | H3: =IF(G3<100,"Primaria",IF(AND(G3>39,G3<300),"Secundaria",IF(AND(G3>299),"Terciaria"))) -> Primaria | I3: 1 | J3: =IF(I3=1,"Red de Alta Capacidad",IF(AND(I3=2),"Distribuidores Regionales",IF(AND(I3=3),"Conectores de Integración Territorial",IF(AND(I3=4),"Red Básica de Accesso")))) -> Red de Alta Capacidad | K3: =P3+$T3+$X3+$AB3+$AG3+$AK3+$AW3+AO3+AS3 -> 6.89 | L3: =L2+K3 -> 24.885 | P3: =SUM(M3:O3) -> 0 | Q3: 6.89 | T3: =SUM(Q3:S3) -> 6.89 | X3: =U3+V3+W3 -> 0 | AB3: =Y3+Z3+AA3 -> 0 | AC3: =T3+X3+AB3 -> 6.89 | AG3: =SUM(AD3:AF3) -> 0 | AK3: =SUM(AH3:AJ3) -> 0 | AO3: =SUM(AL3:AN3) -> 0 | AS3: =SUM(AP3:AR3) -> 0 | AW3: =SUM(AT3:AV3) -> 0 | AX3: Palmares(Final Cinco Carriles)-Juntas De Pacuar(R.244) | AY3: 10/14 | AZ3: 05/17 | BA3: 50.0 | BB3: 0 | BC3: 1 | BD3: =IF(BC3=1,"Llano (Pendientes naturales del terreno entre 0 y 5%)",IF(AND(BC3=2),"Algo Ondulado (Pendientes naturales del terreno entre 6 y 14%)",IF(AND(BC3=3),"Muy Ondulado (Pendientes naturales del terreno entre 15 y 25%)",IF(AND(BC3=4),"Montañoso (Pendientes naturales del terreno mayores a 25%)")))) -> Llano (Pendientes naturales del terreno entre 0 y 5%) | BE3: 1 | BF3: =VLOOKUP(BE3,'Códigos 2'!$A$1:$B$12,2,FALSE) -> Carpeta Asfáltica (CA) | BG3: 2 | BH3: 7 | BI3: 1 | BJ3: =IF(BI3=0,"No existe",IF(AND(BI3=1),"Pavimentado",IF(AND(BI3=2),"Mejorado",IF(AND(BI3=3),"Tierra")))) -> Pavimentado | BK3: 1.1 | BL3: 60 | BN3: 4 | BO3: =IF(BN3=5,"Alineamiento recto o con curvas tan suaves que no exigen una reducción significativa en la velocidad promedio normal de recorrido.",IF(AND(BN3=4),"Alineamiento con algunas curvas que exigen una reducción significativa en la velocidad promedio de circulación.",IF(AND(BN3=3),"Alineamiento algo sinuoso, pero con curvas cerradas que son aparentes y consistentes con las gradientes y las demás características del camino y del terreno que se atraviesa.",IF(AND(BN3=2),"Curvas cerradas frecuentes y, por lo general, inconsistentes con el terreno y la clase de carretera.",IF(AND(BN3=1),"Alineamiento muy sinuoso en todo el tramo, condición que admite solamente una velocidad de circulación muy baja."))))) -> Alineamiento con algunas curvas que exigen una reducción significativa en la velocidad promedio de circulación. | BP3: 4 | BQ3: =IF(BP3=5,"Pendientes menores del 3% en todo el tramo.",IF(AND(BP3=4),"Pendientes generalmente menores del 3% pero con algunas cuestas de corta longitud de hasta el 5%.",IF(AND(BP3=3),"Pendientes generalmente entre 3 y 6%, pero con una rasante ondulada y, consecuentemente, con tramos cortos de subida fuerte.",IF(AND(BP3=2),"Pendientes sostenidas entre 5 y 8% sobre una buena parte del tramo, condición que afecta en forma marcada la velocidad de recorrido y, cuando hay bastante tránsito, provoca frecuentes colas de vehículos detrás de los vehículos pesados.",IF(AND(BP3=1),"Pendientes sostenidas en exceso del 7% en casi todo el tramo. "))))) -> Pendientes generalmente menores del 3% pero con algunas cuestas de corta longitud de hasta el 5%. | BR3: 2 | BS3: 5 | BT3: =IF(BS3=5,"Superficie de los espaldones firme y regular, y donde se puede utilizar el ancho como fue construido originalmente.",IF(AND(BS3=4),"Superficie generalmente firme y utilizable en todo tiempo, pero con algunos tramos cortos en que el ancho inicial ha sido reducido por erosión u otras causas.",IF(AND(BS3=3),"Superficie erosionada o con baches profundos sobre una buena parte de la subsección, de manera que se inhibe el uso de los espaldones en la debida forma en esa parte.",IF(AND(BS3=2),"Superficie erosionada o con baches profundos, o el ancho transitable de los espaldones reducido sustancialmente, en casi toda la subsección.",IF(AND(BS3=1),"Se encuentra un desnivel peligroso entre el borde del pavimento y el espaldón, o la superficie está muy erosionada, con baches profundos o material suelto, o el ancho muy reducido del original."))))) -> Superficie de los espaldones firme y regular, y donde se puede utilizar el ancho como fue construido originalmente. | BU3: 5 | BV3: =IF(BU3=5,"Las señales son completamente adecuadas en número y ubicación, ",IF(AND(BU3=4),"El señalamiento es bastante completo, faltando solamente algunas señales de guía para los usuarios que no conocen la ruta.",IF(AND(BU3=3),"El señalamiento es regular en cuanto a cantidad y ubicación, siendo notable la falta de algunas señales de precaución y de guía.",IF(AND(BU3=2),"Existen muy pocas señales",IF(AND(BU3=1),"No existen señales o son tan inadecuadas, que no proveen información útil al conductor."))))) -> Las señales son completamente adecuadas en número y ubicación, | BW3: 5 | BX3: =IF(BW3=5,"Todas las alcantarillas y cunetas están bastante limpias y funcionan debidamente.",IF(AND(BW3=4),"La mayoría de las alcantarillas y cunetas aparentemente funcionan bien, pero existen indicaciones en algunos sitios de que el agua se estanca.",IF(AND(BW3=3),"Parece que algunas alcantarillas o cunetas no tienen capacidad hidráulica suficiente, por la erosión o socavación aparente.",IF(AND(BW3=2),"Parece que la mayoría de las alcantarillas y cunetas son inadecuadas; o hay vados en varios sitios en vez de estructuras de drenaje.",IF(AND(BW3=1),"El agua escurre por la calzada durante períodos de lluvia sobre una buena parte de la sub-sección y no existen cunetas longitudinales definidas; las estructuras de drenaje no existen, o son completamente inadecuadas."))))) -> Todas las alcantarillas y cunetas están bastante limpias y funcionan debidamente. | BY3: 4 | BZ3: =IF(BY3=5,"Superficie lisa, sin baches ni irregularidades notables.",IF(AND(BY3=4),"Superficie generalmente lisa, pero con unas pequeñas corrugaciones u otras irregularidades aisladas, o con baches pequeños superficiales.",IF(AND(BY3=3),"Superficie con frecuentes baches o irregularidades .",IF(AND(BY3=2),"Superficie muy irregular o con baches extensos y frecuentes (o material suelto, en caso de superficies no pavimentadas).",IF(AND(BY3=1),"Superficie muy deteriorada o irregular (o material suelto), hasta tal grado, en casi todo el tramo."))))) -> Superficie generalmente lisa, pero con unas pequeñas corrugaciones u otras irregularidades aisladas, o con baches pequeños superficiales. | CA3: 5 | CB3: =IF(CA3=5,"No existen evidencias de fallas en la estructura del pavimento, con la posible excepción de algunas en la superficie de ruedo.",IF(AND(CA3=4),"Existen huellas o corrugaciones que se derivan por debajo de la superficie de ruedo, pero que son aisladas y de poca extensión.",IF(AND(CA3=3),"Existen deformaciones u otras fallas de consideración sobre una buena parte de la subsección y, aunque no son extensas todavía, parece que siguen extendiéndose.",IF(AND(CA3=2),"Existen deformaciones u otras fallas de consideración sobre la mayor parte del tramo.",IF(AND(CA3=1),"Existen corrugaciones o huellas profundas sobre casi toda la faja de ruedo del tramo, hasta tal grado que no sería factible corregir la falla de la estructura, sino que se tendría que reconstruirla completamente."))))) -> No existen evidencias de fallas en la estructura del pavimento, con la posible excepción de algunas en la superficie de ruedo. | CC3: =(K3*BM3)*365/1000000 -> 0 | CD3: 706 | CE3: 7 | CF3: PALMARES(0+100 MTS DESPUES ENTRADA COLEGIO ALFREDO VOLIO)
A4: 21 | B4: 10003 | C4: 10 | D4: 1 | E4: 19 | F4: 1 | G4: 2 | H4: =IF(G4<100,"Primaria",IF(AND(G4>39,G4<300),"Secundaria",IF(AND(G4>299),"Terciaria"))) -> Primaria | I4: 1 | J4: =IF(I4=1,"Red de Alta Capacidad",IF(AND(I4=2),"Distribuidores Regionales",IF(AND(I4=3),"Conectores de Integración Territorial",IF(AND(I4=4),"Red Básica de Accesso")))) -> Red de Alta Capacidad | K4: =P4+$T4+$X4+$AB4+$AG4+$AK4+$AW4+AO4+AS4 -> 7.915 | L4: =L3+K4 -> 32.8 | P4: =SUM(M4:O4) -> 0 | Q4: 7.915 | T4: =SUM(Q4:S4) -> 7.915 | X4: =U4+V4+W4 -> 0 | AB4: =Y4+Z4+AA4 -> 0 | AC4: =T4+X4+AB4 -> 7.915 | AG4: =SUM(AD4:AF4) -> 0 | AK4: =SUM(AH4:AJ4) -> 0 | AO4: =SUM(AL4:AN4) -> 0 | AS4: =SUM(AP4:AR4) -> 0 | AW4: =SUM(AT4:AV4) -> 0 | AX4: San Isidro Peréz Zeledón(R.243)-Palmares(Final Cinco Carriles) | AY4: 10/14 | AZ4: 05/17 | BA4: 29,8-50,0 | BB4: 0 | BC4: 1 | BD4: =IF(BC4=1,"Llano (Pendientes naturales del terreno entre 0 y 5%)",IF(AND(BC4=2),"Algo Ondulado (Pendientes naturales del terreno entre 6 y 14%)",IF(AND(BC4=3),"Muy Ondulado (Pendientes naturales del terreno entre 15 y 25%)",IF(AND(BC4=4),"Montañoso (Pendientes naturales del terreno mayores a 25%)")))) -> Llano (Pendientes naturales del terreno entre 0 y 5%) | BE4: 1 | BF4: =VLOOKUP(BE4,'Códigos 2'!$A$1:$B$12,2,FALSE) -> Carpeta Asfáltica (CA) | BG4: 5 | BH4: 15.1 | BI4: 1 | BJ4: =IF(BI4=0,"No existe",IF(AND(BI4=1),"Pavimentado",IF(AND(BI4=2),"Mejorado",IF(AND(BI4=3),"Tierra")))) -> Pavimentado | BK4: 0.9 | BL4: 60 | BM4: 17452 | BN4: 5 | BO4: =IF(BN4=5,"Alineamiento recto o con curvas tan suaves que no exigen una reducción significativa en la velocidad promedio normal de recorrido.",IF(AND(BN4=4),"Alineamiento con algunas curvas que exigen una reducción significativa en la velocidad promedio de circulación.",IF(AND(BN4=3),"Alineamiento algo sinuoso, pero con curvas cerradas que son aparentes y consistentes con las gradientes y las demás características del camino y del terreno que se atraviesa.",IF(AND(BN4=2),"Curvas cerradas frecuentes y, por lo general, inconsistentes con el terreno y la clase de carretera.",IF(AND(BN4=1),"Alineamiento muy sinuoso en todo el tramo, condición que admite solamente una velocidad de circulación muy baja."))))) -> Alineamiento recto o con curvas tan suaves que no exigen una reducción significativa en la velocidad promedio normal de recorrido. | BP4: 4 | BQ4: =IF(BP4=5,"Pendientes menores del 3% en todo el tramo.",IF(AND(BP4=4),"Pendientes generalmente menores del 3% pero con algunas cuestas de corta longitud de hasta el 5%.",IF(AND(BP4=3),"Pendientes generalmente entre 3 y 6%, pero con una rasante ondulada y, consecuentemente, con tramos cortos de subida fuerte.",IF(AND(BP4=2),"Pendientes sostenidas entre 5 y 8% sobre una buena parte del tramo, condición que afecta en forma marcada la velocidad de recorrido y, cuando hay bastante tránsito, provoca frecuentes colas de vehículos detrás de los vehículos pesados.",IF(AND(BP4=1),"Pendientes sostenidas en exceso del 7% en casi todo el tramo. "))))) -> Pendientes generalmente menores del 3% pero con algunas cuestas de corta longitud de hasta el 5%. | BR4: 5 | BS4: 5 | BT4: =IF(BS4=5,"Superficie de los espaldones firme y regular, y donde se puede utilizar el ancho como fue construido originalmente.",IF(AND(BS4=4),"Superficie generalmente firme y utilizable en todo tiempo, pero con algunos tramos cortos en que el ancho inicial ha sido reducido por erosión u otras causas.",IF(AND(BS4=3),"Superficie erosionada o con baches profundos sobre una buena parte de la subsección, de manera que se inhibe el uso de los espaldones en la debida forma en esa parte.",IF(AND(BS4=2),"Superficie erosionada o con baches profundos, o el ancho transitable de los espaldones reducido sustancialmente, en casi toda la subsección.",IF(AND(BS4=1),"Se encuentra un desnivel peligroso entre el borde del pavimento y el espaldón, o la superficie está muy erosionada, con baches profundos o material suelto, o el ancho muy reducido del original."))))) -> Superficie de los espaldones firme y regular, y donde se puede utilizar el ancho como fue construido originalmente. | BU4: 5 | BV4: =IF(BU4=5,"Las señales son completamente adecuadas en número y ubicación, ",IF(AND(BU4=4),"El señalamiento es bastante completo, faltando solamente algunas señales de guía para los usuarios que no conocen la ruta.",IF(AND(BU4=3),"El señalamiento es regular en cuanto a cantidad y ubicación, siendo notable la falta de algunas señales de precaución y de guía.",IF(AND(BU4=2),"Existen muy pocas señales",IF(AND(BU4=1),"No existen señales o son tan inadecuadas, que no proveen información útil al conductor."))))) -> Las señales son completamente adecuadas en número y ubicación, | BW4: 5 | BX4: =IF(BW4=5,"Todas las alcantarillas y cunetas están bastante limpias y funcionan debidamente.",IF(AND(BW4=4),"La mayoría de las alcantarillas y cunetas aparentemente funcionan bien, pero existen indicaciones en algunos sitios de que el agua se estanca.",IF(AND(BW4=3),"Parece que algunas alcantarillas o cunetas no tienen capacidad hidráulica suficiente, por la erosión o socavación aparente.",IF(AND(BW4=2),"Parece que la mayoría de las alcantarillas y cunetas son inadecuadas; o hay vados en varios sitios en vez de estructuras de drenaje.",IF(AND(BW4=1),"El agua escurre por la calzada durante períodos de lluvia sobre una buena parte de la sub-sección y no existen cunetas longitudinales definidas; las estructuras de drenaje no existen, o son completamente inadecuadas."))))) -> Todas las alcantarillas y cunetas están bastante limpias y funcionan debidamente. | BY4: 4 | BZ4: =IF(BY4=5,"Superficie lisa, sin baches ni irregularidades notables.",IF(AND(BY4=4),"Superficie generalmente lisa, pero con unas pequeñas corrugaciones u otras irregularidades aisladas, o con baches pequeños superficiales.",IF(AND(BY4=3),"Superficie con frecuentes baches o irregularidades .",IF(AND(BY4=2),"Superficie muy irregular o con baches extensos y frecuentes (o material suelto, en caso de superficies no pavimentadas).",IF(AND(BY4=1),"Superficie muy deteriorada o irregular (o material suelto), hasta tal grado, en casi todo el tramo."))))) -> Superficie generalmente lisa, pero con unas pequeñas corrugaciones u otras irregularidades aisladas, o con baches pequeños superficiales. | CA4: 5 | CB4: =IF(CA4=5,"No existen evidencias de fallas en la estructura del pavimento, con la posible excepción de algunas en la superficie de ruedo.",IF(AND(CA4=4),"Existen huellas o corrugaciones que se derivan por debajo de la superficie de ruedo, pero que son aisladas y de poca extensión.",IF(AND(CA4=3),"Existen deformaciones u otras fallas de consideración sobre una buena parte de la subsección y, aunque no son extensas todavía, parece que siguen extendiéndose.",IF(AND(CA4=2),"Existen deformaciones u otras fallas de consideración sobre la mayor parte del tramo.",IF(AND(CA4=1),"Existen corrugaciones o huellas profundas sobre casi toda la faja de ruedo del tramo, hasta tal grado que no sería factible corregir la falla de la estructura, sino que se tendría que reconstruirla completamente."))))) -> No existen evidencias de fallas en la estructura del pavimento, con la posible excepción de algunas en la superficie de ruedo. | CC4: =(K4*BM4)*365/1000000 -> 50.418392
A5: 20 | B5: 10010 | C5: 10 | D5: 1 | E5: 19 | F5: 11 | G5: 2 | H5: =IF(G5<100,"Primaria",IF(AND(G5>39,G5<300),"Secundaria",IF(AND(G5>299),"Terciaria"))) -> Primaria | I5: 1 | J5: =IF(I5=1,"Red de Alta Capacidad",IF(AND(I5=2),"Distribuidores Regionales",IF(AND(I5=3),"Conectores de Integración Territorial",IF(AND(I5=4),"Red Básica de Accesso")))) -> Red de Alta Capacidad | K5: =P5+$T5+$X5+$AB5+$AG5+$AK5+$AW5+AO5+AS5 -> 10.29 | L5: =L4+K5 -> 43.09 | P5: =SUM(M5:O5) -> 0 | Q5: 10.29 | T5: =SUM(Q5:S5) -> 10.29 | X5: =U5+V5+W5 -> 0 | AB5: =Y5+Z5+AA5 -> 0 | AC5: =T5+X5+AB5 -> 10.29 | AG5: =SUM(AD5:AF5) -> 0 | AK5: =SUM(AH5:AJ5) -> 0 | AO5: =SUM(AL5:AN5) -> 0 | AS5: =SUM(AP5:AR5) -> 0 | AW5: =SUM(AT5:AV5) -> 0 | AX5: La Ese(Escuela)-San Isidro De Peréz Zeledón (Ruta 243) | AY5: 10/14 | AZ5: 05/17 | BA5: 30 - 50 | BB5: 0 | BC5: 4 | BD5: =IF(BC5=1,"Llano (Pendientes naturales del terreno entre 0 y 5%)",IF(AND(BC5=2),"Algo Ondulado (Pendientes naturales del terreno entre 6 y 14%)",IF(AND(BC5=3),"Muy Ondulado (Pendientes naturales del terreno entre 15 y 25%)",IF(AND(BC5=4),"Montañoso (Pendientes naturales del terreno mayores a 25%)")))) -> Montañoso (Pendientes naturales del terreno mayores a 25%) | BE5: 1 | BF5: =VLOOKUP(BE5,'Códigos 2'!$A$1:$B$12,2,FALSE) -> Carpeta Asfáltica (CA) | BG5: 2 | BH5: 6.2 | BI5: 0 | BJ5: =IF(BI5=0,"No existe",IF(AND(BI5=1),"Pavimentado",IF(AND(BI5=2),"Mejorado",IF(AND(BI5=3),"Tierra")))) -> No existe | BK5: 0 | BL5: 50 | BM5: 3470 | BN5: 3 | BO5: =IF(BN5=5,"Alineamiento recto o con curvas tan suaves que no exigen una reducción significativa en la velocidad promedio normal de recorrido.",IF(AND(BN5=4),"Alineamiento con algunas curvas que exigen una reducción significativa en la velocidad promedio de circulación.",IF(AND(BN5=3),"Alineamiento algo sinuoso, pero con curvas cerradas que son aparentes y consistentes con las gradientes y las demás características del camino y del terreno que se atraviesa.",IF(AND(BN5=2),"Curvas cerradas frecuentes y, por lo general, inconsistentes con el terreno y la clase de carretera.",IF(AND(BN5=1),"Alineamiento muy sinuoso en todo el tramo, condición que admite solamente una velocidad de circulación muy baja."))))) -> Alineamiento algo sinuoso, pero con curvas cerradas que son aparentes y consistentes con las gradientes y las demás características del camino y del terreno que se atraviesa. | BP5: 1 | BQ5: =IF(BP5=5,"Pendientes menores del 3% en todo el tramo.",IF(AND(BP5=4),"Pendientes generalmente menores del 3% pero con algunas cuestas de corta longitud de hasta el 5%.",IF(AND(BP5=3),"Pendientes generalmente entre 3 y 6%, pero con una rasante ondulada y, consecuentemente, con tramos cortos de subida fuerte.",IF(AND(BP5=2),"Pendientes sostenidas entre 5 y 8% sobre una buena parte del tramo, condición que afecta en forma marcada la velocidad de recorrido y, cuando hay bastante tránsito, provoca frecuentes colas de vehículos detrás de los vehículos pesados.",IF(AND(BP5=1),"Pendientes sostenidas en exceso del 7% en casi todo el tramo. "))))) -> Pendientes sostenidas en exceso del 7% en casi todo el tramo. | BR5: 1 | BS5: 0 | BT5: =IF(BS5=5,"Superficie de los espaldones firme y regular, y donde se puede utilizar el ancho como fue construido originalmente.",IF(AND(BS5=4),"Superficie generalmente firme y utilizable en todo tiempo, pero con algunos tramos cortos en que el ancho inicial ha sido reducido por erosión u otras causas.",IF(AND(BS5=3),"Superficie erosionada o con baches profundos sobre una buena parte de la subsección, de manera que se inhibe el uso de los espaldones en la debida forma en esa parte.",IF(AND(BS5=2),"Superficie erosionada o con baches profundos, o el ancho transitable de los espaldones reducido sustancialmente, en casi toda la subsección.",IF(AND(BS5=1),"Se encuentra un desnivel peligroso entre el borde del pavimento y el espaldón, o la superficie está muy erosionada, con baches profundos o material suelto, o el ancho muy reducido del original."))))) -> FALSE | BU5: 5 | BV5: =IF(BU5=5,"Las señales son completamente adecuadas en número y ubicación, ",IF(AND(BU5=4),"El señalamiento es bastante completo, faltando solamente algunas señales de guía para los usuarios que no conocen la ruta.",IF(AND(BU5=3),"El señalamiento es regular en cuanto a cantidad y ubicación, siendo notable la falta de algunas señales de precaución y de guía.",IF(AND(BU5=2),"Existen muy pocas señales",IF(AND(BU5=1),"No existen señales o son tan inadecuadas, que no proveen información útil al conductor."))))) -> Las señales son completamente adecuadas en número y ubicación, | BW5: 4 | BX5: =IF(BW5=5,"Todas las alcantarillas y cunetas están bastante limpias y funcionan debidamente.",IF(AND(BW5=4),"La mayoría de las alcantarillas y cunetas aparentemente funcionan bien, pero existen indicaciones en algunos sitios de que el agua se estanca.",IF(AND(BW5=3),"Parece que algunas alcantarillas o cunetas no tienen capacidad hidráulica suficiente, por la erosión o socavación aparente.",IF(AND(BW5=2),"Parece que la mayoría de las alcantarillas y cunetas son inadecuadas; o hay vados en varios sitios en vez de estructuras de drenaje.",IF(AND(BW5=1),"El agua escurre por la calzada durante períodos de lluvia sobre una buena parte de la sub-sección y no existen cunetas longitudinales definidas; las estructuras de drenaje no existen, o son completamente inadecuadas."))))) -> La mayoría de las alcantarillas y cunetas aparentemente funcionan bien, pero existen indicaciones en algunos sitios de que el agua se estanca. | BY5: 5 | BZ5: =IF(BY5=5,"Superficie lisa, sin baches ni irregularidades notables.",IF(AND(BY5=4),"Superficie generalmente lisa, pero con unas pequeñas corrugaciones u otras irregularidades aisladas, o con baches pequeños superficiales.",IF(AND(BY5=3),"Superficie con frecuentes baches o irregularidades .",IF(AND(BY5=2),"Superficie muy irregular o con baches extensos y frecuentes (o material suelto, en caso de superficies no pavimentadas).",IF(AND(BY5=1),"Superficie muy deteriorada o irregular (o material suelto), hasta tal grado, en casi todo el tramo."))))) -> Superficie lisa, sin baches ni irregularidades notables. | CA5: 5 | CB5: =IF(CA5=5,"No existen evidencias de fallas en la estructura del pavimento, con la posible excepción de algunas en la superficie de ruedo.",IF(AND(CA5=4),"Existen huellas o corrugaciones que se derivan por debajo de la superficie de ruedo, pero que son aisladas y de poca extensión.",IF(AND(CA5=3),"Existen deformaciones u otras fallas de consideración sobre una buena parte de la subsección y, aunque no son extensas todavía, parece que siguen extendiéndose.",IF(AND(CA5=2),"Existen deformaciones u otras fallas de consideración sobre la mayor parte del tramo.",IF(AND(CA5=1),"Existen corrugaciones o huellas profundas sobre casi toda la faja de ruedo del tramo, hasta tal grado que no sería factible corregir la falla de la estructura, sino que se tendría que reconstruirla completamente."))))) -> No existen evidencias de fallas en la estructura del pavimento, con la posible excepción de algunas en la superficie de ruedo. | CC5: =(K5*BM5)*365/1000000 -> 13.032799 | CD5: 709 | CE5: 7 | CF5: A 1+000 KM ANTES TANQUES DE A Y A
A6: 19 | B6: 10020 | C6: 10 | D6: 1 | E6: 19 | F6: 11 | G6: 2 | H6: =IF(G6<100,"Primaria",IF(AND(G6>39,G6<300),"Secundaria",IF(AND(G6>299),"Terciaria"))) -> Primaria | I6: 1 | J6: =IF(I6=1,"Red de Alta Capacidad",IF(AND(I6=2),"Distribuidores Regionales",IF(AND(I6=3),"Conectores de Integración Territorial",IF(AND(I6=4),"Red Básica de Accesso")))) -> Red de Alta Capacidad | K6: =P6+$T6+$X6+$AB6+$AG6+$AK6+$AW6+AO6+AS6 -> 26.16 | L6: =L5+K6 -> 69.25 | P6: =SUM(M6:O6) -> 0 | Q6: 26.16 | T6: =SUM(Q6:S6) -> 26.16 | X6: =U6+V6+W6 -> 0 | AB6: =Y6+Z6+AA6 -> 0 | AC6: =T6+X6+AB6 -> 26.16 | AG6: =SUM(AD6:AF6) -> 0 | AK6: =SUM(AH6:AJ6) -> 0 | AO6: =SUM(AL6:AN6) -> 0 | AS6: =SUM(AP6:AR6) -> 0 | AW6: =SUM(AT6:AV6) -> 0 | AX6: Nivel (Lte Provincial)(Cruce A Piedra Alta) - La Ese (Escuela) | AY6: 10/14 | AZ6: 05/17 | BA6: 50.0 | BB6: 0 | BC6: 4 | BD6: =IF(BC6=1,"Llano (Pendientes naturales del terreno entre 0 y 5%)",IF(AND(BC6=2),"Algo Ondulado (Pendientes naturales del terreno entre 6 y 14%)",IF(AND(BC6=3),"Muy Ondulado (Pendientes naturales del terreno entre 15 y 25%)",IF(AND(BC6=4),"Montañoso (Pendientes naturales del terreno mayores a 25%)")))) -> Montañoso (Pendientes naturales del terreno mayores a 25%) | BE6: 1 | BF6: =VLOOKUP(BE6,'Códigos 2'!$A$1:$B$12,2,FALSE) -> Carpeta Asfáltica (CA) | BG6: 2 | BH6: 6.2 | BI6: 0 | BJ6: =IF(BI6=0,"No existe",IF(AND(BI6=1),"Pavimentado",IF(AND(BI6=2),"Mejorado",IF(AND(BI6=3),"Tierra")))) -> No existe | BK6: 0 | BL6: 50 | BM6: 1838 | BN6: 3 | BO6: =IF(BN6=5,"Alineamiento recto o con curvas tan suaves que no exigen una reducción significativa en la velocidad promedio normal de recorrido.",IF(AND(BN6=4),"Alineamiento con algunas curvas que exigen una reducción significativa en la velocidad promedio de circulación.",IF(AND(BN6=3),"Alineamiento algo sinuoso, pero con curvas cerradas que son aparentes y consistentes con las gradientes y las demás características del camino y del terreno que se atraviesa.",IF(AND(BN6=2),"Curvas cerradas frecuentes y, por lo general, inconsistentes con el terreno y la clase de carretera.",IF(AND(BN6=1),"Alineamiento muy sinuoso en todo el tramo, condición que admite solamente una velocidad de circulación muy baja."))))) -> Alineamiento algo sinuoso, pero con curvas cerradas que son aparentes y consistentes con las gradientes y las demás características del camino y del terreno que se atraviesa. | BP6: 1 | BQ6: =IF(BP6=5,"Pendientes menores del 3% en todo el tramo.",IF(AND(BP6=4),"Pendientes generalmente menores del 3% pero con algunas cuestas de corta longitud de hasta el 5%.",IF(AND(BP6=3),"Pendientes generalmente entre 3 y 6%, pero con una rasante ondulada y, consecuentemente, con tramos cortos de subida fuerte.",IF(AND(BP6=2),"Pendientes sostenidas entre 5 y 8% sobre una buena parte del tramo, condición que afecta en forma marcada la velocidad de recorrido y, cuando hay bastante tránsito, provoca frecuentes colas de vehículos detrás de los vehículos pesados.",IF(AND(BP6=1),"Pendientes sostenidas en exceso del 7% en casi todo el tramo. "))))) -> Pendientes sostenidas en exceso del 7% en casi todo el tramo. | BR6: 1 | BS6: 0 | BT6: =IF(BS6=5,"Superficie de los espaldones firme y regular, y donde se puede utilizar el ancho como fue construido originalmente.",IF(AND(BS6=4),"Superficie generalmente firme y utilizable en todo tiempo, pero con algunos tramos cortos en que el ancho inicial ha sido reducido por erosión u otras causas.",IF(AND(BS6=3),"Superficie erosionada o con baches profundos sobre una buena parte de la subsección, de manera que se inhibe el uso de los espaldones en la debida forma en esa parte.",IF(AND(BS6=2),"Superficie erosionada o con baches profundos, o el ancho transitable de los espaldones reducido sustancialmente, en casi toda la subsección.",IF(AND(BS6=1),"Se encuentra un desnivel peligroso entre el borde del pavimento y el espaldón, o la superficie está muy erosionada, con baches profundos o material suelto, o el ancho muy reducido del original."))))) -> FALSE | BU6: 5 | BV6: =IF(BU6=5,"Las señales son completamente adecuadas en número y ubicación, ",IF(AND(BU6=4),"El señalamiento es bastante completo, faltando solamente algunas señales de guía para los usuarios que no conocen la ruta.",IF(AND(BU6=3),"El señalamiento es regular en cuanto a cantidad y ubicación, siendo notable la falta de algunas señales de precaución y de guía.",IF(AND(BU6=2),"Existen muy pocas señales",IF(AND(BU6=1),"No existen señales o son tan inadecuadas, que no proveen información útil al conductor."))))) -> Las señales son completamente adecuadas en número y ubicación, | BW6: 4 | BX6: =IF(BW6=5,"Todas las alcantarillas y cunetas están bastante limpias y funcionan debidamente.",IF(AND(BW6=4),"La mayoría de las alcantarillas y cunetas aparentemente funcionan bien, pero existen indicaciones en algunos sitios de que el agua se estanca.",IF(AND(BW6=3),"Parece que algunas alcantarillas o cunetas no tienen capacidad hidráulica suficiente, por la erosión o socavación aparente.",IF(AND(BW6=2),"Parece que la mayoría de las alcantarillas y cunetas son inadecuadas; o hay vados en varios sitios en vez de estructuras de drenaje.",IF(AND(BW6=1),"El agua escurre por la calzada durante períodos de lluvia sobre una buena parte de la sub-sección y no existen cunetas longitudinales definidas; las estructuras de drenaje no existen, o son completamente inadecuadas."))))) -> La mayoría de las alcantarillas y cunetas aparentemente funcionan bien, pero existen indicaciones en algunos sitios de que el agua se estanca. | BY6: 5 | BZ6: =IF(BY6=5,"Superficie lisa, sin baches ni irregularidades notables.",IF(AND(BY6=4),"Superficie generalmente lisa, pero con unas pequeñas corrugaciones u otras irregularidades aisladas, o con baches pequeños superficiales.",IF(AND(BY6=3),"Superficie con frecuentes baches o irregularidades .",IF(AND(BY6=2),"Superficie muy irregular o con baches extensos y frecuentes (o material suelto, en caso de superficies no pavimentadas).",IF(AND(BY6=1),"Superficie muy deteriorada o irregular (o material suelto), hasta tal grado, en casi todo el tramo."))))) -> Superficie lisa, sin baches ni irregularidades notables. | CA6: 5 | CB6: =IF(CA6=5,"No existen evidencias de fallas en la estructura del pavimento, con la posible excepción de algunas en la superficie de ruedo.",IF(AND(CA6=4),"Existen huellas o corrugaciones que se derivan por debajo de la superficie de ruedo, pero que son aisladas y de poca extensión.",IF(AND(CA6=3),"Existen deformaciones u otras fallas de consideración sobre una buena parte de la subsección y, aunque no son extensas todavía, parece que siguen extendiéndose.",IF(AND(CA6=2),"Existen deformaciones u otras fallas de consideración sobre la mayor parte del tramo.",IF(AND(CA6=1),"Existen corrugaciones o huellas profundas sobre casi toda la faja de ruedo del tramo, hasta tal grado que no sería factible corregir la falla de la estructura, sino que se tendría que reconstruirla completamente."))))) -> No existen evidencias de fallas en la estructura del pavimento, con la posible excepción de algunas en la superficie de ruedo. | CC6: =(K6*BM6)*365/1000000 -> 17.549959 | CD6: 741 | CE6: 7 | CF6: ESCUELA DE LA ESE
A7: 17 | B7: 10030 | C7: 1 | D7: 1 | E7: 17 | F7: 3 | G7: 2 | H7: =IF(G7<100,"Primaria",IF(AND(G7>39,G7<300),"Secundaria",IF(AND(G7>299),"Terciaria"))) -> Primaria | I7: 1 | J7: =IF(I7=1,"Red de Alta Capacidad",IF(AND(I7=2),"Distribuidores Regionales",IF(AND(I7=3),"Conectores de Integración Territorial",IF(AND(I7=4),"Red Básica de Accesso")))) -> Red de Alta Capacidad | K7: =P7+$T7+$X7+$AB7+$AG7+$AK7+$AW7+AO7+AS7 -> 12.47 | L7: =L6+K7 -> 81.72 | P7: =SUM(M7:O7) -> 0 | Q7: 12.47 | T7: =SUM(Q7:S7) -> 12.47 | X7: =U7+V7+W7 -> 0 | AB7: =Y7+Z7+AA7 -> 0 | AC7: =T7+X7+AB7 -> 12.47 | AG7: =SUM(AD7:AF7) -> 0 | AK7: =SUM(AH7:AJ7) -> 0 | AO7: =SUM(AL7:AN7) -> 0 | AS7: =SUM(AP7:AR7) -> 0 | AW7: =SUM(AT7:AV7) -> 0 | AX7: Ojo De Agua(Cruce Providencia)- Cerro Asunción(Lte Prov) | AY7: 10/14 | AZ7: 07/15 | BA7: 50.0 | BB7: 0 | BC7: 4 | BD7: =IF(BC7=1,"Llano (Pendientes naturales del terreno entre 0 y 5%)",IF(AND(BC7=2),"Algo Ondulado (Pendientes naturales del terreno entre 6 y 14%)",IF(AND(BC7=3),"Muy Ondulado (Pendientes naturales del terreno entre 15 y 25%)",IF(AND(BC7=4),"Montañoso (Pendientes naturales del terreno mayores a 25%)")))) -> Montañoso (Pendientes naturales del terreno mayores a 25%) | BE7: 1 | BF7: =VLOOKUP(BE7,'Códigos 2'!$A$1:$B$12,2,FALSE) -> Carpeta Asfáltica (CA) | BG7: 2 | BH7: 6.3 | BI7: 0 | BJ7: =IF(BI7=0,"No existe",IF(AND(BI7=1),"Pavimentado",IF(AND(BI7=2),"Mejorado",IF(AND(BI7=3),"Tierra")))) -> No existe | BK7: 0 | BL7: 50 | BM7: 2135 | BN7: 3 | BO7: =IF(BN7=5,"Alineamiento recto o con curvas tan suaves que no exigen una reducción significativa en la velocidad promedio normal de recorrido.",IF(AND(BN7=4),"Alineamiento con algunas curvas que exigen una reducción significativa en la velocidad promedio de circulación.",IF(AND(BN7=3),"Alineamiento algo sinuoso, pero con curvas cerradas que son aparentes y consistentes con las gradientes y las demás características del camino y del terreno que se atraviesa.",IF(AND(BN7=2),"Curvas cerradas frecuentes y, por lo general, inconsistentes con el terreno y la clase de carretera.",IF(AND(BN7=1),"Alineamiento muy sinuoso en todo el tramo, condición que admite solamente una velocidad de circulación muy baja."))))) -> Alineamiento algo sinuoso, pero con curvas cerradas que son aparentes y consistentes con las gradientes y las demás características del camino y del terreno que se atraviesa. | BP7: 2 | BQ7: =IF(BP7=5,"Pendientes menores del 3% en todo el tramo.",IF(AND(BP7=4),"Pendientes generalmente menores del 3% pero con algunas cuestas de corta longitud de hasta el 5%.",IF(AND(BP7=3),"Pendientes generalmente entre 3 y 6%, pero con una rasante ondulada y, consecuentemente, con tramos cortos de subida fuerte.",IF(AND(BP7=2),"Pendientes sostenidas entre 5 y 8% sobre una buena parte del tramo, condición que afecta en forma marcada la velocidad de recorrido y, cuando hay bastante tránsito, provoca frecuentes colas de vehículos detrás de los vehículos pesados.",IF(AND(BP7=1),"Pendientes sostenidas en exceso del 7% en casi todo el tramo. "))))) -> Pendientes sostenidas entre 5 y 8% sobre una buena parte del tramo, condición que afecta en forma marcada la velocidad de recorrido y, cuando hay bastante tránsito, provoca frecuentes colas de vehículos detrás de los vehículos pesados. | BR7: 1 | BS7: 4 | BT7: =IF(BS7=5,"Superficie de los espaldones firme y regular, y donde se puede utilizar el ancho como fue construido originalmente.",IF(AND(BS7=4),"Superficie generalmente firme y utilizable en todo tiempo, pero con algunos tramos cortos en que el ancho inicial ha sido reducido por erosión u otras causas.",IF(AND(BS7=3),"Superficie erosionada o con baches profundos sobre una buena parte de la subsección, de manera que se inhibe el uso de los espaldones en la debida forma en esa parte.",IF(AND(BS7=2),"Superficie erosionada o con baches profundos, o el ancho transitable de los espaldones reducido sustancialmente, en casi toda la subsección.",IF(AND(BS7=1),"Se encuentra un desnivel peligroso entre el borde del pavimento y el espaldón, o la superficie está muy erosionada, con baches profundos o material suelto, o el ancho muy reducido del original."))))) -> Superficie generalmente firme y utilizable en todo tiempo, pero con algunos tramos cortos en que el ancho inicial ha sido reducido por erosión u otras causas. | BU7: 3 | BV7: =IF(BU7=5,"Las señales son completamente adecuadas en número y ubicación, ",IF(AND(BU7=4),"El señalamiento es bastante completo, faltando solamente algunas señales de guía para los usuarios que no conocen la ruta.",IF(AND(BU7=3),"El señalamiento es regular en cuanto a cantidad y ubicación, siendo notable la falta de algunas señales de precaución y de guía.",IF(AND(BU7=2),"Existen muy pocas señales",IF(AND(BU7=1),"No existen señales o son tan inadecuadas, que no proveen información útil al conductor."))))) -> El señalamiento es regular en cuanto a cantidad y ubicación, siendo notable la falta de algunas señales de precaución y de guía. | BW7: 4 | BX7: =IF(BW7=5,"Todas las alcantarillas y cunetas están bastante limpias y funcionan debidamente.",IF(AND(BW7=4),"La mayoría de las alcantarillas y cunetas aparentemente funcionan bien, pero existen indicaciones en algunos sitios de que el agua se estanca.",IF(AND(BW7=3),"Parece que algunas alcantarillas o cunetas no tienen capacidad hidráulica suficiente, por la erosión o socavación aparente.",IF(AND(BW7=2),"Parece que la mayoría de las alcantarillas y cunetas son inadecuadas; o hay vados en varios sitios en vez de estructuras de drenaje.",IF(AND(BW7=1),"El agua escurre por la calzada durante períodos de lluvia sobre una buena parte de la sub-sección y no existen cunetas longitudinales definidas; las estructuras de drenaje no existen, o son completamente inadecuadas."))))) -> La mayoría de las alcantarillas y cunetas aparentemente funcionan bien, pero existen indicaciones en algunos sitios de que el agua se estanca. | BY7: 5 | BZ7: =IF(BY7=5,"Superficie lisa, sin baches ni irregularidades notables.",IF(AND(BY7=4),"Superficie generalmente lisa, pero con unas pequeñas corrugaciones u otras irregularidades aisladas, o con baches pequeños superficiales.",IF(AND(BY7=3),"Superficie con frecuentes baches o irregularidades .",IF(AND(BY7=2),"Superficie muy irregular o con baches extensos y frecuentes (o material suelto, en caso de superficies no pavimentadas).",IF(AND(BY7=1),"Superficie muy deteriorada o irregular (o material suelto), hasta tal grado, en casi todo el tramo."))))) -> Superficie lisa, sin baches ni irregularidades notables. | CA7: 5 | CB7: =IF(CA7=5,"No existen evidencias de fallas en la estructura del pavimento, con la posible excepción de algunas en la superficie de ruedo.",IF(AND(CA7=4),"Existen huellas o corrugaciones que se derivan por debajo de la superficie de ruedo, pero que son aisladas y de poca extensión.",IF(AND(CA7=3),"Existen deformaciones u otras fallas de consideración sobre una buena parte de la subsección y, aunque no son extensas todavía, parece que siguen extendiéndose.",IF(AND(CA7=2),"Existen deformaciones u otras fallas de consideración sobre la mayor parte del tramo.",IF(AND(CA7=1),"Existen corrugaciones o huellas profundas sobre casi toda la faja de ruedo del tramo, hasta tal grado que no sería factible corregir la falla de la estructura, sino que se tendría que reconstruirla completamente."))))) -> No existen evidencias de fallas en la estructura del pavimento, con la posible excepción de algunas en la superficie de ruedo. | CC7: =(K7*BM7)*365/1000000 -> 9.7175593
A8: 14 | B8: 10041 | C8: 1 | D8: 1 | E8: 3 | F8: 8 | G8: 2 | H8: =IF(G8<100,"Primaria",IF(AND(G8>39,G8<300),"Secundaria",IF(AND(G8>299),"Terciaria"))) -> Primaria | I8: 1 | J8: =IF(I8=1,"Red de Alta Capacidad",IF(AND(I8=2),"Distribuidores Regionales",IF(AND(I8=3),"Conectores de Integración Territorial",IF(AND(I8=4),"Red Básica de Accesso")))) -> Red de Alta Capacidad | K8: =P8+$T8+$X8+$AB8+$AG8+$AK8+$AW8+AO8+AS8 -> 4.695 | L8: =L7+K8 -> 86.415 | P8: =SUM(M8:O8) -> 0 | Q8: 4.695 | T8: =SUM(Q8:S8) -> 4.695 | X8: =U8+V8+W8 -> 0 | AB8: =Y8+Z8+AA8 -> 0 | AC8: =T8+X8+AB8 -> 4.695 | AG8: =SUM(AD8:AF8) -> 0 | AK8: =SUM(AH8:AJ8) -> 0 | AO8: =SUM(AL8:AN8) -> 0 | AS8: =SUM(AP8:AR8) -> 0 | AW8: =SUM(AT8:AV8) -> 0 | AX8: Casa Mata (Ruta 406)(Lte. Prov) - La Sierra (R. 222) | AY8: 10/14 | AZ8: 03/15 | BA8: 50.0 | BB8: 0 | BC8: 4 | BD8: =IF(BC8=1,"Llano (Pendientes naturales del terreno entre 0 y 5%)",IF(AND(BC8=2),"Algo Ondulado (Pendientes naturales del terreno entre 6 y 14%)",IF(AND(BC8=3),"Muy Ondulado (Pendientes naturales del terreno entre 15 y 25%)",IF(AND(BC8=4),"Montañoso (Pendientes naturales del terreno mayores a 25%)")))) -> Montañoso (Pendientes naturales del terreno mayores a 25%) | BE8: 1 | BF8: =VLOOKUP(BE8,'Códigos 2'!$A$1:$B$12,2,FALSE) -> Carpeta Asfáltica (CA) | BG8: 2 | BH8: 6.7 | BI8: 0 | BJ8: =IF(BI8=0,"No existe",IF(AND(BI8=1),"Pavimentado",IF(AND(BI8=2),"Mejorado",IF(AND(BI8=3),"Tierra")))) -> No existe | BK8: 0 | BL8: 50 | BN8: 3 | BO8: =IF(BN8=5,"Alineamiento recto o con curvas tan suaves que no exigen una reducción significativa en la velocidad promedio normal de recorrido.",IF(AND(BN8=4),"Alineamiento con algunas curvas que exigen una reducción significativa en la velocidad promedio de circulación.",IF(AND(BN8=3),"Alineamiento algo sinuoso, pero con curvas cerradas que son aparentes y consistentes con las gradientes y las demás características del camino y del terreno que se atraviesa.",IF(AND(BN8=2),"Curvas cerradas frecuentes y, por lo general, inconsistentes con el terreno y la clase de carretera.",IF(AND(BN8=1),"Alineamiento muy sinuoso en todo el tramo, condición que admite solamente una velocidad de circulación muy baja."))))) -> Alineamiento algo sinuoso, pero con curvas cerradas que son aparentes y consistentes con las gradientes y las demás características del camino y del terreno que se atraviesa. | BP8: 2 | BQ8: =IF(BP8=5,"Pendientes menores del 3% en todo el tramo.",IF(AND(BP8=4),"Pendientes generalmente menores del 3% pero con algunas cuestas de corta longitud de hasta el 5%.",IF(AND(BP8=3),"Pendientes generalmente entre 3 y 6%, pero con una rasante ondulada y, consecuentemente, con tramos cortos de subida fuerte.",IF(AND(BP8=2),"Pendientes sostenidas entre 5 y 8% sobre una buena parte del tramo, condición que afecta en forma marcada la velocidad de recorrido y, cuando hay bastante tránsito, provoca frecuentes colas de vehículos detrás de los vehículos pesados.",IF(AND(BP8=1),"Pendientes sostenidas en exceso del 7% en casi todo el tramo. "))))) -> Pendientes sostenidas entre 5 y 8% sobre una buena parte del tramo, condición que afecta en forma marcada la velocidad de recorrido y, cuando hay bastante tránsito, provoca frecuentes colas de vehículos detrás de los vehículos pesados. | BR8: 1 | BS8: 0 | BT8: =IF(BS8=5,"Superficie de los espaldones firme y regular, y donde se puede utilizar el ancho como fue construido originalmente.",IF(AND(BS8=4),"Superficie generalmente firme y utilizable en todo tiempo, pero con algunos tramos cortos en que el ancho inicial ha sido reducido por erosión u otras causas.",IF(AND(BS8=3),"Superficie erosionada o con baches profundos sobre una buena parte de la subsección, de manera que se inhibe el uso de los espaldones en la debida forma en esa parte.",IF(AND(BS8=2),"Superficie erosionada o con baches profundos, o el ancho transitable de los espaldones reducido sustancialmente, en casi toda la subsección.",IF(AND(BS8=1),"Se encuentra un desnivel peligroso entre el borde del pavimento y el espaldón, o la superficie está muy erosionada, con baches profundos o material suelto, o el ancho muy reducido del original."))))) -> FALSE | BU8: 5 | BV8: =IF(BU8=5,"Las señales son completamente adecuadas en número y ubicación, ",IF(AND(BU8=4),"El señalamiento es bastante completo, faltando solamente algunas señales de guía para los usuarios que no conocen la ruta.",IF(AND(BU8=3),"El señalamiento es regular en cuanto a cantidad y ubicación, siendo notable la falta de algunas señales de precaución y de guía.",IF(AND(BU8=2),"Existen muy pocas señales",IF(AND(BU8=1),"No existen señales o son tan inadecuadas, que no proveen información útil al conductor."))))) -> Las señales son completamente adecuadas en número y ubicación, | BW8: 4 | BX8: =IF(BW8=5,"Todas las alcantarillas y cunetas están bastante limpias y funcionan debidamente.",IF(AND(BW8=4),"La mayoría de las alcantarillas y cunetas aparentemente funcionan bien, pero existen indicaciones en algunos sitios de que el agua se estanca.",IF(AND(BW8=3),"Parece que algunas alcantarillas o cunetas no tienen capacidad hidráulica suficiente, por la erosión o socavación aparente.",IF(AND(BW8=2),"Parece que la mayoría de las alcantarillas y cunetas son inadecuadas; o hay vados en varios sitios en vez de estructuras de drenaje.",IF(AND(BW8=1),"El agua escurre por la calzada durante períodos de lluvia sobre una buena parte de la sub-sección y no existen cunetas longitudinales definidas; las estructuras de drenaje no existen, o son completamente inadecuadas."))))) -> La mayoría de las alcantarillas y cunetas aparentemente funcionan bien, pero existen indicaciones en algunos sitios de que el agua se estanca. | BY8: 5 | BZ8: =IF(BY8=5,"Superficie lisa, sin baches ni irregularidades notables.",IF(AND(BY8=4),"Superficie generalmente lisa, pero con unas pequeñas corrugaciones u otras irregularidades aisladas, o con baches pequeños superficiales.",IF(AND(BY8=3),"Superficie con frecuentes baches o irregularidades .",IF(AND(BY8=2),"Superficie muy irregular o con baches extensos y frecuentes (o material suelto, en caso de superficies no pavimentadas).",IF(AND(BY8=1),"Superficie muy deteriorada o irregular (o material suelto), hasta tal grado, en casi todo el tramo."))))) -> Superficie lisa, sin baches ni irregularidades notables. | CA8: 5 | CB8: =IF(CA8=5,"No existen evidencias de fallas en la estructura del pavimento, con la posible excepción de algunas en la superficie de ruedo.",IF(AND(CA8=4),"Existen huellas o corrugaciones que se derivan por debajo de la superficie de ruedo, pero que son aisladas y de poca extensión.",IF(AND(CA8=3),"Existen deformaciones u otras fallas de consideración sobre una buena parte de la subsección y, aunque no son extensas todavía, parece que siguen extendiéndose.",IF(AND(CA8=2),"Existen deformaciones u otras fallas de consideración sobre la mayor parte del tramo.",IF(AND(CA8=1),"Existen corrugaciones o huellas profundas sobre casi toda la faja de ruedo del tramo, hasta tal grado que no sería factible corregir la falla de la estructura, sino que se tendría que reconstruirla completamente."))))) -> No existen evidencias de fallas en la estructura del pavimento, con la posible excepción de algunas en la superficie de ruedo. | CC8: =(K8*BM8)*365/1000000 -> 0 | CD8: E.P.07 | CF8: CASAMATA(0+100 MTS DESPUES CRUCE SAN CRISTOBAL NORTE(R.406))
A9: 15 | B9: 10042 | C9: 1 | D9: 1 | E9: 3 | F9: 8 | G9: 2 | H9: =IF(G9<100,"Primaria",IF(AND(G9>39,G9<300),"Secundaria",IF(AND(G9>299),"Terciaria"))) -> Primaria | I9: 1 | J9: =IF(I9=1,"Red de Alta Capacidad",IF(AND(I9=2),"Distribuidores Regionales",IF(AND(I9=3),"Conectores de Integración Territorial",IF(AND(I9=4),"Red Básica de Accesso")))) -> Red de Alta Capacidad | K9: =P9+$T9+$X9+$AB9+$AG9+$AK9+$AW9+AO9+AS9 -> 7.185 | L9: =L8+K9 -> 93.6 | P9: =SUM(M9:O9) -> 0 | Q9: 0.825 | R9: 2.1 | S9: 4.26 | T9: =SUM(Q9:S9) -> 7.185 | X9: =U9+V9+W9 -> 0 | AB9: =Y9+Z9+AA9 -> 0 | AC9: =T9+X9+AB9 -> 7.185 | AG9: =SUM(AD9:AF9) -> 0 | AK9: =SUM(AH9:AJ9) -> 0 | AO9: =SUM(AL9:AN9) -> 0 | AS9: =SUM(AP9:AR9) -> 0 | AW9: =SUM(AT9:AV9) -> 0 | AX9: La Sierra(R.222)-La Guaria De El Empalme(R.226) | AY9: 10/14 | AZ9: 07/15 | BA9: 50.0 | BB9: 0 | BC9: 4 | BD9: =IF(BC9=1,"Llano (Pendientes naturales del terreno entre 0 y 5%)",IF(AND(BC9=2),"Algo Ondulado (Pendientes naturales del terreno entre 6 y 14%)",IF(AND(BC9=3),"Muy Ondulado (Pendientes naturales del terreno entre 15 y 25%)",IF(AND(BC9=4),"Montañoso (Pendientes naturales del terreno mayores a 25%)")))) -> Montañoso (Pendientes naturales del terreno mayores a 25%) | BE9: 1 | BF9: =VLOOKUP(BE9,'Códigos 2'!$A$1:$B$12,2,FALSE) -> Carpeta Asfáltica (CA) | BG9: 2 | BH9: 6 | BI9: 1 | BJ9: =IF(BI9=0,"No existe",IF(AND(BI9=1),"Pavimentado",IF(AND(BI9=2),"Mejorado",IF(AND(BI9=3),"Tierra")))) -> Pavimentado | BK9: 0.5 | BL9: 50 | BN9: 3 | BO9: =IF(BN9=5,"Alineamiento recto o con curvas tan suaves que no exigen una reducción significativa en la velocidad promedio normal de recorrido.",IF(AND(BN9=4),"Alineamiento con algunas curvas que exigen una reducción significativa en la velocidad promedio de circulación.",IF(AND(BN9=3),"Alineamiento algo sinuoso, pero con curvas cerradas que son aparentes y consistentes con las gradientes y las demás características del camino y del terreno que se atraviesa.",IF(AND(BN9=2),"Curvas cerradas frecuentes y, por lo general, inconsistentes con el terreno y la clase de carretera.",IF(AND(BN9=1),"Alineamiento muy sinuoso en todo el tramo, condición que admite solamente una velocidad de circulación muy baja."))))) -> Alineamiento algo sinuoso, pero con curvas cerradas que son aparentes y consistentes con las gradientes y las demás características del camino y del terreno que se atraviesa. | BP9: 2 | BQ9: =IF(BP9=5,"Pendientes menores del 3% en todo el tramo.",IF(AND(BP9=4),"Pendientes generalmente menores del 3% pero con algunas cuestas de corta longitud de hasta el 5%.",IF(AND(BP9=3),"Pendientes generalmente entre 3 y 6%, pero con una rasante ondulada y, consecuentemente, con tramos cortos de subida fuerte.",IF(AND(BP9=2),"Pendientes sostenidas entre 5 y 8% sobre una buena parte del tramo, condición que afecta en forma marcada la velocidad de recorrido y, cuando hay bastante tránsito, provoca frecuentes colas de vehículos detrás de los vehículos pesados.",IF(AND(BP9=1),"Pendientes sostenidas en exceso del 7% en casi todo el tramo. "))))) -> Pendientes sostenidas entre 5 y 8% sobre una buena parte del tramo, condición que afecta en forma marcada la velocidad de recorrido y, cuando hay bastante tránsito, provoca frecuentes colas de vehículos detrás de los vehículos pesados. | BR9: 1 | BS9: 4 | BT9: =IF(BS9=5,"Superficie de los espaldones firme y regular, y donde se puede utilizar el ancho como fue construido originalmente.",IF(AND(BS9=4),"Superficie generalmente firme y utilizable en todo tiempo, pero con algunos tramos cortos en que el ancho inicial ha sido reducido por erosión u otras causas.",IF(AND(BS9=3),"Superficie erosionada o con baches profundos sobre una buena parte de la subsección, de manera que se inhibe el uso de los espaldones en la debida forma en esa parte.",IF(AND(BS9=2),"Superficie erosionada o con baches profundos, o el ancho transitable de los espaldones reducido sustancialmente, en casi toda la subsección.",IF(AND(BS9=1),"Se encuentra un desnivel peligroso entre el borde del pavimento y el espaldón, o la superficie está muy erosionada, con baches profundos o material suelto, o el ancho muy reducido del original."))))) -> Superficie generalmente firme y utilizable en todo tiempo, pero con algunos tramos cortos en que el ancho inicial ha sido reducido por erosión u otras causas. | BU9: 5 | BV9: =IF(BU9=5,"Las señales son completamente adecuadas en número y ubicación, ",IF(AND(BU9=4),"El señalamiento es bastante completo, faltando solamente algunas señales de guía para los usuarios que no conocen la ruta.",IF(AND(BU9=3),"El señalamiento es regular en cuanto a cantidad y ubicación, siendo notable la falta de algunas señales de precaución y de guía.",IF(AND(BU9=2),"Existen muy pocas señales",IF(AND(BU9=1),"No existen señales o son tan inadecuadas, que no proveen información útil al conductor."))))) -> Las señales son completamente adecuadas en número y ubicación, | BW9: 4 | BX9: =IF(BW9=5,"Todas las alcantarillas y cunetas están bastante limpias y funcionan debidamente.",IF(AND(BW9=4),"La mayoría de las alcantarillas y cunetas aparentemente funcionan bien, pero existen indicaciones en algunos sitios de que el agua se estanca.",IF(AND(BW9=3),"Parece que algunas alcantarillas o cunetas no tienen capacidad hidráulica suficiente, por la erosión o socavación aparente.",IF(AND(BW9=2),"Parece que la mayoría de las alcantarillas y cunetas son inadecuadas; o hay vados en varios sitios en vez de estructuras de drenaje.",IF(AND(BW9=1),"El agua escurre por la calzada durante períodos de lluvia sobre una buena parte de la sub-sección y no existen cunetas longitudinales definidas; las estructuras de drenaje no existen, o son completamente inadecuadas."))))) -> La mayoría de las alcantarillas y cunetas aparentemente funcionan bien, pero existen indicaciones en algunos sitios de que el agua se estanca. | BY9: 2 | BZ9: =IF(BY9=5,"Superficie lisa, sin baches ni irregularidades notables.",IF(AND(BY9=4),"Superficie generalmente lisa, pero con unas pequeñas corrugaciones u otras irregularidades aisladas, o con baches pequeños superficiales.",IF(AND(BY9=3),"Superficie con frecuentes baches o irregularidades .",IF(AND(BY9=2),"Superficie muy irregular o con baches extensos y frecuentes (o material suelto, en caso de superficies no pavimentadas).",IF(AND(BY9=1),"Superficie muy deteriorada o irregular (o material suelto), hasta tal grado, en casi todo el tramo."))))) -> Superficie muy irregular o con baches extensos y frecuentes (o material suelto, en caso de superficies no pavimentadas). | CA9: 4 | CB9: =IF(CA9=5,"No existen evidencias de fallas en la estructura del pavimento, con la posible excepción de algunas en la superficie de ruedo.",IF(AND(CA9=4),"Existen huellas o corrugaciones que se derivan por debajo de la superficie de ruedo, pero que son aisladas y de poca extensión.",IF(AND(CA9=3),"Existen deformaciones u otras fallas de consideración sobre una buena parte de la subsección y, aunque no son extensas todavía, parece que siguen extendiéndose.",IF(AND(CA9=2),"Existen deformaciones u otras fallas de consideración sobre la mayor parte del tramo.",IF(AND(CA9=1),"Existen corrugaciones o huellas profundas sobre casi toda la faja de ruedo del tramo, hasta tal grado que no sería factible corregir la falla de la estructura, sino que se tendría que reconstruirla completamente."))))) -> Existen huellas o corrugaciones que se derivan por debajo de la superficie de ruedo, pero que son aisladas y de poca extensión. | CC9: =(K9*BM9)*365/1000000 -> 0 | CD9: 572 | CE9: 7 | CF9: LA SIERRA(0+100 MTS DESPUES CRUCE FRAILES(R.222))
B10: 10051 | C10: 1 | D10: 1 | E10: 4 | F10: 1 | G10: 317 | H10: =IF(G10<100,"Primaria",IF(AND(G10>39,G10<300),"Secundaria",IF(AND(G10>299),"Terciaria"))) -> Terciaria | I10: 4 | J10: =IF(I10=1,"Red de Alta Capacidad",IF(AND(I10=2),"Distribuidores Regionales",IF(AND(I10=3),"Conectores de Integración Territorial",IF(AND(I10=4),"Red Básica de Accesso")))) -> Red Básica de Accesso | K10: =P10+$T10+$X10+$AB10+$AG10+$AK10+$AW10+AO10+AS10 -> 5.03 | L10: =K10 -> 5.03 | P10: =SUM(M10:O10) -> 0 | T10: =SUM(Q10:S10) -> 0 | V10: 5.03 | X10: =U10+V10+W10 -> 5.03 | AB10: =Y10+Z10+AA10 -> 0 | AC10: =T10+X10+AB10 -> 5.03 | AG10: =SUM(AD10:AF10) -> 0 | AK10: =SUM(AH10:AJ10) -> 0 | AO10: =SUM(AL10:AN10) -> 0 | AS10: =SUM(AP10:AR10) -> 0 | AW10: =SUM(AT10:AV10) -> 0 | AX10: Junquillo Arriba(R.239)-Pedernal(Escuela)(Iglesia) | AY10: 07/13 | AZ10: 02/16 | BA10: 10.0-12.0 | BB10: 0 | BC10: 4 | BD10: =IF(BC10=1,"Llano (Pendientes naturales del terreno entre 0 y 5%)",IF(AND(BC10=2),"Algo Ondulado (Pendientes naturales del terreno entre 6 y 14%)",IF(AND(BC10=3),"Muy Ondulado (Pendientes naturales del terreno entre 15 y 25%)",IF(AND(BC10=4),"Montañoso (Pendientes naturales del terreno mayores a 25%)")))) -> Montañoso (Pendientes naturales del terreno mayores a 25%) | BE10: 2 | BF10: =VLOOKUP(BE10,'Códigos 2'!$A$1:$B$12,2,FALSE) -> Tratamiento superficial múltiple (TSM) | BG10: 2 | BH10: 5 | BI10: 0 | BJ10: =IF(BI10=0,"No existe",IF(AND(BI10=1),"Pavimentado",IF(AND(BI10=2),"Mejorado",IF(AND(BI10=3),"Tierra")))) -> No existe | BK10: 0 | BL10: 35 | BN10: 2 | BO10: =IF(BN10=5,"Alineamiento recto o con curvas tan suaves que no exigen una reducción significativa en la velocidad promedio normal de recorrido.",IF(AND(BN10=4),"Alineamiento con algunas curvas que exigen una reducción significativa en la velocidad promedio de circulación.",IF(AND(BN10=3),"Alineamiento algo sinuoso, pero con curvas cerradas que son aparentes y consistentes con las gradientes y las demás características del camino y del terreno que se atraviesa.",IF(AND(BN10=2),"Curvas cerradas frecuentes y, por lo general, inconsistentes con el terreno y la clase de carretera.",IF(AND(BN10=1),"Alineamiento muy sinuoso en todo el tramo, condición que admite solamente una velocidad de circulación muy baja."))))) -> Curvas cerradas frecuentes y, por lo general, inconsistentes con el terreno y la clase de carretera. | BP10: 1 | BQ10: =IF(BP10=5,"Pendientes menores del 3% en todo el tramo.",IF(AND(BP10=4),"Pendientes generalmente menores del 3% pero con algunas cuestas de corta longitud de hasta el 5%.",IF(AND(BP10=3),"Pendientes generalmente entre 3 y 6%, pero con una rasante ondulada y, consecuentemente, con tramos cortos de subida fuerte.",IF(AND(BP10=2),"Pendientes sostenidas entre 5 y 8% sobre una buena parte del tramo, condición que afecta en forma marcada la velocidad de recorrido y, cuando hay bastante tránsito, provoca frecuentes colas de vehículos detrás de los vehículos pesados.",IF(AND(BP10=1),"Pendientes sostenidas en exceso del 7% en casi todo el tramo. "))))) -> Pendientes sostenidas en exceso del 7% en casi todo el tramo. | BR10: 1 | BS10: 0 | BT10: =IF(BS10=5,"Superficie de los espaldones firme y regular, y donde se puede utilizar el ancho como fue construido originalmente.",IF(AND(BS10=4),"Superficie generalmente firme y utilizable en todo tiempo, pero con algunos tramos cortos en que el ancho inicial ha sido reducido por erosión u otras causas.",IF(AND(BS10=3),"Superficie erosionada o con baches profundos sobre una buena parte de la subsección, de manera que se inhibe el uso de los espaldones en la debida forma en esa parte.",IF(AND(BS10=2),"Superficie erosionada o con baches profundos, o el ancho transitable de los espaldones reducido sustancialmente, en casi toda la subsección.",IF(AND(BS10=1),"Se encuentra un desnivel peligroso entre el borde del pavimento y el espaldón, o la superficie está muy erosionada, con baches profundos o material suelto, o el ancho muy reducido del original."))))) -> FALSE | BU10: 3 | BV10: =IF(BU10=5,"Las señales son completamente adecuadas en número y ubicación, ",IF(AND(BU10=4),"El señalamiento es bastante completo, faltando solamente algunas señales de guía para los usuarios que no conocen la ruta.",IF(AND(BU10=3),"El señalamiento es regular en cuanto a cantidad y ubicación, siendo notable la falta de algunas señales de precaución y de guía.",IF(AND(BU10=2),"Existen muy pocas señales",IF(AND(BU10=1),"No existen señales o son tan inadecuadas, que no proveen información útil al conductor."))))) -> El señalamiento es regular en cuanto a cantidad y ubicación, siendo notable la falta de algunas señales de precaución y de guía. | BW10: 3 | BX10: =IF(BW10=5,"Todas las alcantarillas y cunetas están bastante limpias y funcionan debidamente.",IF(AND(BW10=4),"La mayoría de las alcantarillas y cunetas aparentemente funcionan bien, pero existen indicaciones en algunos sitios de que el agua se estanca.",IF(AND(BW10=3),"Parece que algunas alcantarillas o cunetas no tienen capacidad hidráulica suficiente, por la erosión o socavación aparente.",IF(AND(BW10=2),"Parece que la mayoría de las alcantarillas y cunetas son inadecuadas; o hay vados en varios sitios en vez de estructuras de drenaje.",IF(AND(BW10=1),"El agua escurre por la calzada durante períodos de lluvia sobre una buena parte de la sub-sección y no existen cunetas longitudinales definidas; las estructuras de drenaje no existen, o son completamente inadecuadas."))))) -> Parece que algunas alcantarillas o cunetas no tienen capacidad hidráulica suficiente, por la erosión o socavación aparente. | BY10: 3 | BZ10: =IF(BY10=5,"Superficie lisa, sin baches ni irregularidades notables.",IF(AND(BY10=4),"Superficie generalmente lisa, pero con unas pequeñas corrugaciones u otras irregularidades aisladas, o con baches pequeños superficiales.",IF(AND(BY10=3),"Superficie con frecuentes baches o irregularidades .",IF(AND(BY10=2),"Superficie muy irregular o con baches extensos y frecuentes (o material suelto, en caso de superficies no pavimentadas).",IF(AND(BY10=1),"Superficie muy deteriorada o irregular (o material suelto), hasta tal grado, en casi todo el tramo."))))) -> Superficie con frecuentes baches o irregularidades . | CA10: 4 | CB10: =IF(CA10=5,"No existen evidencias de fallas en la estructura del pavimento, con la posible excepción de algunas en la superficie de ruedo.",IF(AND(CA10=4),"Existen huellas o corrugaciones que se derivan por debajo de la superficie de ruedo, pero que son aisladas y de poca extensión.",IF(AND(CA10=3),"Existen deformaciones u otras fallas de consideración sobre una buena parte de la subsección y, aunque no son extensas todavía, parece que siguen extendiéndose.",IF(AND(CA10=2),"Existen deformaciones u otras fallas de consideración sobre la mayor parte del tramo.",IF(AND(CA10=1),"Existen corrugaciones o huellas profundas sobre casi toda la faja de ruedo del tramo, hasta tal grado que no sería factible corregir la falla de la estructura, sino que se tendría que reconstruirla completamente."))))) -> Existen huellas o corrugaciones que se derivan por debajo de la superficie de ruedo, pero que son aisladas y de poca extensión. | CC10: =(K10*BM10)*365/1000000 -> 0
B11: 10052 | C11: 1 | D11: 1 | E11: 4 | F11: 6 | G11: 317 | H11: =IF(G11<100,"Primaria",IF(AND(G11>39,G11<300),"Secundaria",IF(AND(G11>299),"Terciaria"))) -> Terciaria | I11: 4 | J11: =IF(I11=1,"Red de Alta Capacidad",IF(AND(I11=2),"Distribuidores Regionales",IF(AND(I11=3),"Conectores de Integración Territorial",IF(AND(I11=4),"Red Básica de Accesso")))) -> Red Básica de Accesso | K11: =P11+$T11+$X11+$AB11+$AG11+$AK11+$AW11+AO11+AS11 -> 4.445 | L11: =L10+K11 -> 9.475 | M11: 0.295 | P11: =SUM(M11:O11) -> 0.295 | T11: =SUM(Q11:S11) -> 0 | V11: 0.085 | X11: =U11+V11+W11 -> 0.085 | AB11: =Y11+Z11+AA11 -> 0 | AC11: =T11+X11+AB11 -> 0.085 | AE11: 4.065 | AG11: =SUM(AD11:AF11) -> 4.065 | AK11: =SUM(AH11:AJ11) -> 0 | AO11: =SUM(AL11:AN11) -> 0 | AS11: =SUM(AP11:AR11) -> 0 | AW11: =SUM(AT11:AV11) -> 0 | AX11: Pedernal(Escuela)(Iglesia)-Polca(Escuela) | AY11: 07/13 | AZ11: 02/16 | BA11: 12.0-14.0 | BB11: 0 | BC11: 4 | BD11: =IF(BC11=1,"Llano (Pendientes naturales del terreno entre 0 y 5%)",IF(AND(BC11=2),"Algo Ondulado (Pendientes naturales del terreno entre 6 y 14%)",IF(AND(BC11=3),"Muy Ondulado (Pendientes naturales del terreno entre 15 y 25%)",IF(AND(BC11=4),"Montañoso (Pendientes naturales del terreno mayores a 25%)")))) -> Montañoso (Pendientes naturales del terreno mayores a 25%) | BE11: 8 | BF11: =VLOOKUP(BE11,'Códigos 2'!$A$1:$B$12,2,FALSE) -> Material producto del perfilado de pavimentos asfálticos | BG11: 1 | BH11: 4.8 | BI11: 0 | BJ11: =IF(BI11=0,"No existe",IF(AND(BI11=1),"Pavimentado",IF(AND(BI11=2),"Mejorado",IF(AND(BI11=3),"Tierra")))) -> No existe | BK11: 0 | BL11: 35 | BN11: 2 | BO11: =IF(BN11=5,"Alineamiento recto o con curvas tan suaves que no exigen una reducción significativa en la velocidad promedio normal de recorrido.",IF(AND(BN11=4),"Alineamiento con algunas curvas que exigen una reducción significativa en la velocidad promedio de circulación.",IF(AND(BN11=3),"Alineamiento algo sinuoso, pero con curvas cerradas que son aparentes y consistentes con las gradientes y las demás características del camino y del terreno que se atraviesa.",IF(AND(BN11=2),"Curvas cerradas frecuentes y, por lo general, inconsistentes con el terreno y la clase de carretera.",IF(AND(BN11=1),"Alineamiento muy sinuoso en todo el tramo, condición que admite solamente una velocidad de circulación muy baja."))))) -> Curvas cerradas frecuentes y, por lo general, inconsistentes con el terreno y la clase de carretera. | BP11: 1 | BQ11: =IF(BP11=5,"Pendientes menores del 3% en todo el tramo.",IF(AND(BP11=4),"Pendientes generalmente menores del 3% pero con algunas cuestas de corta longitud de hasta el 5%.",IF(AND(BP11=3),"Pendientes generalmente entre 3 y 6%, pero con una rasante ondulada y, consecuentemente, con tramos cortos de subida fuerte.",IF(AND(BP11=2),"Pendientes sostenidas entre 5 y 8% sobre una buena parte del tramo, condición que afecta en forma marcada la velocidad de recorrido y, cuando hay bastante tránsito, provoca frecuentes colas de vehículos detrás de los vehículos pesados.",IF(AND(BP11=1),"Pendientes sostenidas en exceso del 7% en casi todo el tramo. "))))) -> Pendientes sostenidas en exceso del 7% en casi todo el tramo. | BR11: 1 | BS11: 0 | BT11: =IF(BS11=5,"Superficie de los espaldones firme y regular, y donde se puede utilizar el ancho como fue construido originalmente.",IF(AND(BS11=4),"Superficie generalmente firme y utilizable en todo tiempo, pero con algunos tramos cortos en que el ancho inicial ha sido reducido por erosión u otras causas.",IF(AND(BS11=3),"Superficie erosionada o con baches profundos sobre una buena parte de la subsección, de manera que se inhibe el uso de los espaldones en la debida forma en esa parte.",IF(AND(BS11=2),"Superficie erosionada o con baches profundos, o el ancho transitable de los espaldones reducido sustancialmente, en casi toda la subsección.",IF(AND(BS11=1),"Se encuentra un desnivel peligroso entre el borde del pavimento y el espaldón, o la superficie está muy erosionada, con baches profundos o material suelto, o el ancho muy reducido del original."))))) -> FALSE | BU11: 3 | BV11: =IF(BU11=5,"Las señales son completamente adecuadas en número y ubicación, ",IF(AND(BU11=4),"El señalamiento es bastante completo, faltando solamente algunas señales de guía para los usuarios que no conocen la ruta.",IF(AND(BU11=3),"El señalamiento es regular en cuanto a cantidad y ubicación, siendo notable la falta de algunas señales de precaución y de guía.",IF(AND(BU11=2),"Existen muy pocas señales",IF(AND(BU11=1),"No existen señales o son tan inadecuadas, que no proveen información útil al conductor."))))) -> El señalamiento es regular en cuanto a cantidad y ubicación, siendo notable la falta de algunas señales de precaución y de guía. | BW11: 4 | BX11: =IF(BW11=5,"Todas las alcantarillas y cunetas están bastante limpias y funcionan debidamente.",IF(AND(BW11=4),"La mayoría de las alcantarillas y cunetas aparentemente funcionan bien, pero existen indicaciones en algunos sitios de que el agua se estanca.",IF(AND(BW11=3),"Parece que algunas alcantarillas o cunetas no tienen capacidad hidráulica suficiente, por la erosión o socavación aparente.",IF(AND(BW11=2),"Parece que la mayoría de las alcantarillas y cunetas son inadecuadas; o hay vados en varios sitios en vez de estructuras de drenaje.",IF(AND(BW11=1),"El agua escurre por la calzada durante períodos de lluvia sobre una buena parte de la sub-sección y no existen cunetas longitudinales definidas; las estructuras de drenaje no existen, o son completamente inadecuadas."))))) -> La mayoría de las alcantarillas y cunetas aparentemente funcionan bien, pero existen indicaciones en algunos sitios de que el agua se estanca. | BY11: 3 | BZ11: =IF(BY11=5,"Superficie lisa, sin baches ni irregularidades notables.",IF(AND(BY11=4),"Superficie generalmente lisa, pero con unas pequeñas corrugaciones u otras irregularidades aisladas, o con baches pequeños superficiales.",IF(AND(BY11=3),"Superficie con frecuentes baches o irregularidades .",IF(AND(BY11=2),"Superficie muy irregular o con baches extensos y frecuentes (o material suelto, en caso de superficies no pavimentadas).",IF(AND(BY11=1),"Superficie muy deteriorada o irregular (o material suelto), hasta tal grado, en casi todo el tramo."))))) -> Superficie con frecuentes baches o irregularidades . | CA11: 4 | CB11: =IF(CA11=5,"No existen evidencias de fallas en la estructura del pavimento, con la posible excepción de algunas en la superficie de ruedo.",IF(AND(CA11=4),"Existen huellas o corrugaciones que se derivan por debajo de la superficie de ruedo, pero que son aisladas y de poca extensión.",IF(AND(CA11=3),"Existen deformaciones u otras fallas de consideración sobre una buena parte de la subsección y, aunque no son extensas todavía, parece que siguen extendiéndose.",IF(AND(CA11=2),"Existen deformaciones u otras fallas de consideración sobre la mayor parte del tramo.",IF(AND(CA11=1),"Existen corrugaciones o huellas profundas sobre casi toda la faja de ruedo del tramo, hasta tal grado que no sería factible corregir la falla de la estructura, sino que se tendría que reconstruirla completamente."))))) -> Existen huellas o corrugaciones que se derivan por debajo de la superficie de ruedo, pero que son aisladas y de poca extensión. | CC11: =(K11*BM11)*365/1000000 -> 0
B12: 10060 | C12: 1 | D12: 1 | E12: 4 | F12: 8 | G12: 316 | H12: =IF(G12<100,"Primaria",IF(AND(G12>39,G12<300),"Secundaria",IF(AND(G12>299),"Terciaria"))) -> Terciaria | I12: 3 | J12: =IF(I12=1,"Red de Alta Capacidad",IF(AND(I12=2),"Distribuidores Regionales",IF(AND(I12=3),"Conectores de Integración Territorial",IF(AND(I12=4),"Red Básica de Accesso")))) -> Conectores de Integración Territorial | K12: =P12+$T12+$X12+$AB12+$AG12+$AK12+$AW12+AO12+AS12 -> 4.205 | L12: =K12 -> 4.205 | P12: =SUM(M12:O12) -> 0 | T12: =SUM(Q12:S12) -> 0 | V12: 0.47 | X12: =U12+V12+W12 -> 0.47 | AB12: =Y12+Z12+AA12 -> 0 | AC12: =T12+X12+AB12 -> 0.47 | AE12: 3.735 | AG12: =SUM(AD12:AF12) -> 3.735 | AK12: =SUM(AH12:AJ12) -> 0 | AO12: =SUM(AL12:AN12) -> 0 | AS12: =SUM(AP12:AR12) -> 0 | AW12: =SUM(AT12:AV12) -> 0 | AX12: San Antonio De Puriscal(R.239)-Quebrada Grande(Queb.Grande)(Lte Cantonal) | AY12: 08/09 | AZ12: 03/16 | BA12: 11,0 - 13,0 | BB12: 1 | BC12: 4 | BD12: =IF(BC12=1,"Llano (Pendientes naturales del terreno entre 0 y 5%)",IF(AND(BC12=2),"Algo Ondulado (Pendientes naturales del terreno entre 6 y 14%)",IF(AND(BC12=3),"Muy Ondulado (Pendientes naturales del terreno entre 15 y 25%)",IF(AND(BC12=4),"Montañoso (Pendientes naturales del terreno mayores a 25%)")))) -> Montañoso (Pendientes naturales del terreno mayores a 25%) | BE12: 4 | BF12: =VLOOKUP(BE12,'Códigos 2'!$A$1:$B$12,2,FALSE) -> Lastre o grava | BG12: 1 | BH12: 4.6 | BI12: 0 | BJ12: =IF(BI12=0,"No existe",IF(AND(BI12=1),"Pavimentado",IF(AND(BI12=2),"Mejorado",IF(AND(BI12=3),"Tierra")))) -> No existe | BK12: 0 | BL12: 35 | BM12: 61 | BN12: 2 | BO12: =IF(BN12=5,"Alineamiento recto o con curvas tan suaves que no exigen una reducción significativa en la velocidad promedio normal de recorrido.",IF(AND(BN12=4),"Alineamiento con algunas curvas que exigen una reducción significativa en la velocidad promedio de circulación.",IF(AND(BN12=3),"Alineamiento algo sinuoso, pero con curvas cerradas que son aparentes y consistentes con las gradientes y las demás características del camino y del terreno que se atraviesa.",IF(AND(BN12=2),"Curvas cerradas frecuentes y, por lo general, inconsistentes con el terreno y la clase de carretera.",IF(AND(BN12=1),"Alineamiento muy sinuoso en todo el tramo, condición que admite solamente una velocidad de circulación muy baja."))))) -> Curvas cerradas frecuentes y, por lo general, inconsistentes con el terreno y la clase de carretera. | BP12: 1 | BQ12: =IF(BP12=5,"Pendientes menores del 3% en todo el tramo.",IF(AND(BP12=4),"Pendientes generalmente menores del 3% pero con algunas cuestas de corta longitud de hasta el 5%.",IF(AND(BP12=3),"Pendientes generalmente entre 3 y 6%, pero con una rasante ondulada y, consecuentemente, con tramos cortos de subida fuerte.",IF(AND(BP12=2),"Pendientes sostenidas entre 5 y 8% sobre una buena parte del tramo, condición que afecta en forma marcada la velocidad de recorrido y, cuando hay bastante tránsito, provoca frecuentes colas de vehículos detrás de los vehículos pesados.",IF(AND(BP12=1),"Pendientes sostenidas en exceso del 7% en casi todo el tramo. "))))) -> Pendientes sostenidas en exceso del 7% en casi todo el tramo. | BR12: 1 | BS12: 0 | BT12: =IF(BS12=5,"Superficie de los espaldones firme y regular, y donde se puede utilizar el ancho como fue construido originalmente.",IF(AND(BS12=4),"Superficie generalmente firme y utilizable en todo tiempo, pero con algunos tramos cortos en que el ancho inicial ha sido reducido por erosión u otras causas.",IF(AND(BS12=3),"Superficie erosionada o con baches profundos sobre una buena parte de la subsección, de manera que se inhibe el uso de los espaldones en la debida forma en esa parte.",IF(AND(BS12=2),"Superficie erosionada o con baches profundos, o el ancho transitable de los espaldones reducido sustancialmente, en casi toda la subsección.",IF(AND(BS12=1),"Se encuentra un desnivel peligroso entre el borde del pavimento y el espaldón, o la superficie está muy erosionada, con baches profundos o material suelto, o el ancho muy reducido del original."))))) -> FALSE | BU12: 3 | BV12: =IF(BU12=5,"Las señales son completamente adecuadas en número y ubicación, ",IF(AND(BU12=4),"El señalamiento es bastante completo, faltando solamente algunas señales de guía para los usuarios que no conocen la ruta.",IF(AND(BU12=3),"El señalamiento es regular en cuanto a cantidad y ubicación, siendo notable la falta de algunas señales de precaución y de guía.",IF(AND(BU12=2),"Existen muy pocas señales",IF(AND(BU12=1),"No existen señales o son tan inadecuadas, que no proveen información útil al conductor."))))) -> El señalamiento es regular en cuanto a cantidad y ubicación, siendo notable la falta de algunas señales de precaución y de guía. | BW12: 4 | BX12: =IF(BW12=5,"Todas las alcantarillas y cunetas están bastante limpias y funcionan debidamente.",IF(AND(BW12=4),"La mayoría de las alcantarillas y cunetas aparentemente funcionan bien, pero existen indicaciones en algunos sitios de que el agua se estanca.",IF(AND(BW12=3),"Parece que algunas alcantarillas o cunetas no tienen capacidad hidráulica suficiente, por la erosión o socavación aparente.",IF(AND(BW12=2),"Parece que la mayoría de las alcantarillas y cunetas son inadecuadas; o hay vados en varios sitios en vez de estructuras de drenaje.",IF(AND(BW12=1),"El agua escurre por la calzada durante períodos de lluvia sobre una buena parte de la sub-sección y no existen cunetas longitudinales definidas; las estructuras de drenaje no existen, o son completamente inadecuadas."))))) -> La mayoría de las alcantarillas y cunetas aparentemente funcionan bien, pero existen indicaciones en algunos sitios de que el agua se estanca. | BY12: 3 | BZ12: =IF(BY12=5,"Superficie lisa, sin baches ni irregularidades notables.",IF(AND(BY12=4),"Superficie generalmente lisa, pero con unas pequeñas corrugaciones u otras irregularidades aisladas, o con baches pequeños superficiales.",IF(AND(BY12=3),"Superficie con frecuentes baches o irregularidades .",IF(AND(BY12=2),"Superficie muy irregular o con baches extensos y frecuentes (o material suelto, en caso de superficies no pavimentadas).",IF(AND(BY12=1),"Superficie muy deteriorada o irregular (o material suelto), hasta tal grado, en casi todo el tramo."))))) -> Superficie con frecuentes baches o irregularidades . | CA12: 4 | CB12: =IF(CA12=5,"No existen evidencias de fallas en la estructura del pavimento, con la posible excepción de algunas en la superficie de ruedo.",IF(AND(CA12=4),"Existen huellas o corrugaciones que se derivan por debajo de la superficie de ruedo, pero que son aisladas y de poca extensión.",IF(AND(CA12=3),"Existen deformaciones u otras fallas de consideración sobre una buena parte de la subsección y, aunque no son extensas todavía, parece que siguen extendiéndose.",IF(AND(CA12=2),"Existen deformaciones u otras fallas de consideración sobre la mayor parte del tramo.",IF(AND(CA12=1),"Existen corrugaciones o huellas profundas sobre casi toda la faja de ruedo del tramo, hasta tal grado que no sería factible corregir la falla de la estructura, sino que se tendría que reconstruirla completamente."))))) -> Existen huellas o corrugaciones que se derivan por debajo de la superficie de ruedo, pero que son aisladas y de poca extensión. | CC12: =(K12*BM12)*365/1000000 -> 0.093624325
B13: 10070 | C13: 1 | D13: 1 | E13: 2 | F13: 3 | G13: 27 | H13: =IF(G13<100,"Primaria",IF(AND(G13>39,G13<300),"Secundaria",IF(AND(G13>299),"Terciaria"))) -> Primaria | I13: 1 | J13: =IF(I13=1,"Red de Alta Capacidad",IF(AND(I13=2),"Distribuidores Regionales",IF(AND(I13=3),"Conectores de Integración Territorial",IF(AND(I13=4),"Red Básica de Accesso")))) -> Red de Alta Capacidad | K13: =P13+$T13+$X13+$AB13+$AG13+$AK13+$AW13+AO13+AS13 -> 3.695 | L13: =L12+K13 -> 7.9 | P13: =SUM(M13:O13) -> 0 | Q13: 3.695 | T13: =SUM(Q13:S13) -> 3.695 | X13: =U13+V13+W13 -> 0 | AB13: =Y13+Z13+AA13 -> 0 | AC13: =T13+X13+AB13 -> 3.695 | AG13: =SUM(AD13:AF13) -> 0 | AK13: =SUM(AH13:AJ13) -> 0 | AO13: =SUM(AL13:AN13) -> 0 | AS13: =SUM(AP13:AR13) -> 0 | AW13: =SUM(AT13:AV13) -> 0 | AX13: San Rafael(Casetas Peaje)-Guachipelin (Lte Cantonal) | AY13: 01/11 | AZ13: 03/14 | BB13: 0 | BC13: 3 | BD13: =IF(BC13=1,"Llano (Pendientes naturales del terreno entre 0 y 5%)",IF(AND(BC13=2),"Algo Ondulado (Pendientes naturales del terreno entre 6 y 14%)",IF(AND(BC13=3),"Muy Ondulado (Pendientes naturales del terreno entre 15 y 25%)",IF(AND(BC13=4),"Montañoso (Pendientes naturales del terreno mayores a 25%)")))) -> Muy Ondulado (Pendientes naturales del terreno entre 15 y 25%) | BE13: 1 | BF13: =VLOOKUP(BE13,'Códigos 2'!$A$1:$B$12,2,FALSE) -> Carpeta Asfáltica (CA) | BG13: 5 | BH13: 18.6 | BI13: 1 | BJ13: =IF(BI13=0,"No existe",IF(AND(BI13=1),"Pavimentado",IF(AND(BI13=2),"Mejorado",IF(AND(BI13=3),"Tierra")))) -> Pavimentado | BK13: 1.6 | BL13: 80 | BN13: 5 | BO13: =IF(BN13=5,"Alineamiento recto o con curvas tan suaves que no exigen una reducción significativa en la velocidad promedio normal de recorrido.",IF(AND(BN13=4),"Alineamiento con algunas curvas que exigen una reducción significativa en la velocidad promedio de circulación.",IF(AND(BN13=3),"Alineamiento algo sinuoso, pero con curvas cerradas que son aparentes y consistentes con las gradientes y las demás características del camino y del terreno que se atraviesa.",IF(AND(BN13=2),"Curvas cerradas frecuentes y, por lo general, inconsistentes con el terreno y la clase de carretera.",IF(AND(BN13=1),"Alineamiento muy sinuoso en todo el tramo, condición que admite solamente una velocidad de circulación muy baja."))))) -> Alineamiento recto o con curvas tan suaves que no exigen una reducción significativa en la velocidad promedio normal de recorrido. | BP13: 3 | BQ13: =IF(BP13=5,"Pendientes menores del 3% en todo el tramo.",IF(AND(BP13=4),"Pendientes generalmente menores del 3% pero con algunas cuestas de corta longitud de hasta el 5%.",IF(AND(BP13=3),"Pendientes generalmente entre 3 y 6%, pero con una rasante ondulada y, consecuentemente, con tramos cortos de subida fuerte.",IF(AND(BP13=2),"Pendientes sostenidas entre 5 y 8% sobre una buena parte del tramo, condición que afecta en forma marcada la velocidad de recorrido y, cuando hay bastante tránsito, provoca frecuentes colas de vehículos detrás de los vehículos pesados.",IF(AND(BP13=1),"Pendientes sostenidas en exceso del 7% en casi todo el tramo. "))))) -> Pendientes generalmente entre 3 y 6%, pero con una rasante ondulada y, consecuentemente, con tramos cortos de subida fuerte. | BR13: 5 | BS13: 5 | BT13: =IF(BS13=5,"Superficie de los espaldones firme y regular, y donde se puede utilizar el ancho como fue construido originalmente.",IF(AND(BS13=4),"Superficie generalmente firme y utilizable en todo tiempo, pero con algunos tramos cortos en que el ancho inicial ha sido reducido por erosión u otras causas.",IF(AND(BS13=3),"Superficie erosionada o con baches profundos sobre una buena parte de la subsección, de manera que se inhibe el uso de los espaldones en la debida forma en esa parte.",IF(AND(BS13=2),"Superficie erosionada o con baches profundos, o el ancho transitable de los espaldones reducido sustancialmente, en casi toda la subsección.",IF(AND(BS13=1),"Se encuentra un desnivel peligroso entre el borde del pavimento y el espaldón, o la superficie está muy erosionada, con baches profundos o material suelto, o el ancho muy reducido del original."))))) -> Superficie de los espaldones firme y regular, y donde se puede utilizar el ancho como fue construido originalmente. | BU13: 5 | BV13: =IF(BU13=5,"Las señales son completamente adecuadas en número y ubicación, ",IF(AND(BU13=4),"El señalamiento es bastante completo, faltando solamente algunas señales de guía para los usuarios que no conocen la ruta.",IF(AND(BU13=3),"El señalamiento es regular en cuanto a cantidad y ubicación, siendo notable la falta de algunas señales de precaución y de guía.",IF(AND(BU13=2),"Existen muy pocas señales",IF(AND(BU13=1),"No existen señales o son tan inadecuadas, que no proveen información útil al conductor."))))) -> Las señales son completamente adecuadas en número y ubicación, | BW13: 5 | BX13: =IF(BW13=5,"Todas las alcantarillas y cunetas están bastante limpias y funcionan debidamente.",IF(AND(BW13=4),"La mayoría de las alcantarillas y cunetas aparentemente funcionan bien, pero existen indicaciones en algunos sitios de que el agua se estanca.",IF(AND(BW13=3),"Parece que algunas alcantarillas o cunetas no tienen capacidad hidráulica suficiente, por la erosión o socavación aparente.",IF(AND(BW13=2),"Parece que la mayoría de las alcantarillas y cunetas son inadecuadas; o hay vados en varios sitios en vez de estructuras de drenaje.",IF(AND(BW13=1),"El agua escurre por la calzada durante períodos de lluvia sobre una buena parte de la sub-sección y no existen cunetas longitudinales definidas; las estructuras de drenaje no existen, o son completamente inadecuadas."))))) -> Todas las alcantarillas y cunetas están bastante limpias y funcionan debidamente. | BY13: 5 | BZ13: =IF(BY13=5,"Superficie lisa, sin baches ni irregularidades notables.",IF(AND(BY13=4),"Superficie generalmente lisa, pero con unas pequeñas corrugaciones u otras irregularidades aisladas, o con baches pequeños superficiales.",IF(AND(BY13=3),"Superficie con frecuentes baches o irregularidades .",IF(AND(BY13=2),"Superficie muy irregular o con baches extensos y frecuentes (o material suelto, en caso de superficies no pavimentadas).",IF(AND(BY13=1),"Superficie muy deteriorada o irregular (o material suelto), hasta tal grado, en casi todo el tramo."))))) -> Superficie lisa, sin baches ni irregularidades notables. | CA13: 5 | CB13: =IF(CA13=5,"No existen evidencias de fallas en la estructura del pavimento, con la posible excepción de algunas en la superficie de ruedo.",IF(AND(CA13=4),"Existen huellas o corrugaciones que se derivan por debajo de la superficie de ruedo, pero que son aisladas y de poca extensión.",IF(AND(CA13=3),"Existen deformaciones u otras fallas de consideración sobre una buena parte de la subsección y, aunque no son extensas todavía, parece que siguen extendiéndose.",IF(AND(CA13=2),"Existen deformaciones u otras fallas de consideración sobre la mayor parte del tramo.",IF(AND(CA13=1),"Existen corrugaciones o huellas profundas sobre casi toda la faja de ruedo del tramo, hasta tal grado que no sería factible corregir la falla de la estructura, sino que se tendría que reconstruirla completamente."))))) -> No existen evidencias de fallas en la estructura del pavimento, con la posible excepción de algunas en la superficie de ruedo. | CC13: =(K13*BM13)*365/1000000 -> 0 | CD13: E.P.11 | CF13: CASETAS DE PEAJE(0+200 MTS DESPUES)
B14: 10080 | C14: 1 | D14: 1 | E14: 9 | F14: 3 | G14: 27 | H14: =IF(G14<100,"Primaria",IF(AND(G14>39,G14<300),"Secundaria",IF(AND(G14>299),"Terciaria"))) -> Primaria | I14: 1 | J14: =IF(I14=1,"Red de Alta Capacidad",IF(AND(I14=2),"Distribuidores Regionales",IF(AND(I14=3),"Conectores de Integración Territorial",IF(AND(I14=4),"Red Básica de Accesso")))) -> Red de Alta Capacidad | K14: =P14+$T14+$X14+$AB14+$AG14+$AK14+$AW14+AO14+AS14 -> 6.105 | L14: =L13+K14 -> 14.005 | P14: =SUM(M14:O14) -> 0 | Q14: 6.105 | T14: =SUM(Q14:S14) -> 6.105 | X14: =U14+V14+W14 -> 0 | AB14: =Y14+Z14+AA14 -> 0 | AC14: =T14+X14+AB14 -> 6.105 | AG14: =SUM(AD14:AF14) -> 0 | AK14: =SUM(AH14:AJ14) -> 0 | AO14: =SUM(AL14:AN14) -> 0 | AS14: =SUM(AP14:AR14) -> 0 | AW14: =SUM(AT14:AV14) -> 0 | AX14: Guachipelin(Lte Cantonal) - Basil De Santa Ana (R 22) | AY14: 06/11 | AZ14: 03/14 | BB14: 0 | BC14: 2 | BD14: =IF(BC14=1,"Llano (Pendientes naturales del terreno entre 0 y 5%)",IF(AND(BC14=2),"Algo Ondulado (Pendientes naturales del terreno entre 6 y 14%)",IF(AND(BC14=3),"Muy Ondulado (Pendientes naturales del terreno entre 15 y 25%)",IF(AND(BC14=4),"Montañoso (Pendientes naturales del terreno mayores a 25%)")))) -> Algo Ondulado (Pendientes naturales del terreno entre 6 y 14%) | BE14: 1 | BF14: =VLOOKUP(BE14,'Códigos 2'!$A$1:$B$12,2,FALSE) -> Carpeta Asfáltica (CA) | BG14: 4 | BH14: 14.6 | BI14: 1 | BJ14: =IF(BI14=0,"No existe",IF(AND(BI14=1),"Pavimentado",IF(AND(BI14=2),"Mejorado",IF(AND(BI14=3),"Tierra")))) -> Pavimentado | BK14: 1.7 | BL14: 80 | BN14: 5 | BO14: =IF(BN14=5,"Alineamiento recto o con curvas tan suaves que no exigen una reducción significativa en la velocidad promedio normal de recorrido.",IF(AND(BN14=4),"Alineamiento con algunas curvas que exigen una reducción significativa en la velocidad promedio de circulación.",IF(AND(BN14=3),"Alineamiento algo sinuoso, pero con curvas cerradas que son aparentes y consistentes con las gradientes y las demás características del camino y del terreno que se atraviesa.",IF(AND(BN14=2),"Curvas cerradas frecuentes y, por lo general, inconsistentes con el terreno y la clase de carretera.",IF(AND(BN14=1),"Alineamiento muy sinuoso en todo el tramo, condición que admite solamente una velocidad de circulación muy baja."))))) -> Alineamiento recto o con curvas tan suaves que no exigen una reducción significativa en la velocidad promedio normal de recorrido. | BP14: 3 | BQ14: =IF(BP14=5,"Pendientes menores del 3% en todo el tramo.",IF(AND(BP14=4),"Pendientes generalmente menores del 3% pero con algunas cuestas de corta longitud de hasta el 5%.",IF(AND(BP14=3),"Pendientes generalmente entre 3 y 6%, pero con una rasante ondulada y, consecuentemente, con tramos cortos de subida fuerte.",IF(AND(BP14=2),"Pendientes sostenidas entre 5 y 8% sobre una buena parte del tramo, condición que afecta en forma marcada la velocidad de recorrido y, cuando hay bastante tránsito, provoca frecuentes colas de vehículos detrás de los vehículos pesados.",IF(AND(BP14=1),"Pendientes sostenidas en exceso del 7% en casi todo el tramo. "))))) -> Pendientes generalmente entre 3 y 6%, pero con una rasante ondulada y, consecuentemente, con tramos cortos de subida fuerte. | BR14: 5 | BS14: 5 | BT14: =IF(BS14=5,"Superficie de los espaldones firme y regular, y donde se puede utilizar el ancho como fue construido originalmente.",IF(AND(BS14=4),"Superficie generalmente firme y utilizable en todo tiempo, pero con algunos tramos cortos en que el ancho inicial ha sido reducido por erosión u otras causas.",IF(AND(BS14=3),"Superficie erosionada o con baches profundos sobre una buena parte de la subsección, de manera que se inhibe el uso de los espaldones en la debida forma en esa parte.",IF(AND(BS14=2),"Superficie erosionada o con baches profundos, o el ancho transitable de los espaldones reducido sustancialmente, en casi toda la subsección.",IF(AND(BS14=1),"Se encuentra un desnivel peligroso entre el borde del pavimento y el espaldón, o la superficie está muy erosionada, con baches profundos o material suelto, o el ancho muy reducido del original."))))) -> Superficie de los espaldones firme y regular, y donde se puede utilizar el ancho como fue construido originalmente. | BU14: 5 | BV14: =IF(BU14=5,"Las señales son completamente adecuadas en número y ubicación, ",IF(AND(BU14=4),"El señalamiento es bastante completo, faltando solamente algunas señales de guía para los usuarios que no conocen la ruta.",IF(AND(BU14=3),"El señalamiento es regular en cuanto a cantidad y ubicación, siendo notable la falta de algunas señales de precaución y de guía.",IF(AND(BU14=2),"Existen muy pocas señales",IF(AND(BU14=1),"No existen señales o son tan inadecuadas, que no proveen información útil al conductor."))))) -> Las señales son completamente adecuadas en número y ubicación, | BW14: 5 | BX14: =IF(BW14=5,"Todas las alcantarillas y cunetas están bastante limpias y funcionan debidamente.",IF(AND(BW14=4),"La mayoría de las alcantarillas y cunetas aparentemente funcionan bien, pero existen indicaciones en algunos sitios de que el agua se estanca.",IF(AND(BW14=3),"Parece que algunas alcantarillas o cunetas no tienen capacidad hidráulica suficiente, por la erosión o socavación aparente.",IF(AND(BW14=2),"Parece que la mayoría de las alcantarillas y cunetas son inadecuadas; o hay vados en varios sitios en vez de estructuras de drenaje.",IF(AND(BW14=1),"El agua escurre por la calzada durante períodos de lluvia sobre una buena parte de la sub-sección y no existen cunetas longitudinales definidas; las estructuras de drenaje no existen, o son completamente inadecuadas."))))) -> Todas las alcantarillas y cunetas están bastante limpias y funcionan debidamente. | BY14: 5 | BZ14: =IF(BY14=5,"Superficie lisa, sin baches ni irregularidades notables.",IF(AND(BY14=4),"Superficie generalmente lisa, pero con unas pequeñas corrugaciones u otras irregularidades aisladas, o con baches pequeños superficiales.",IF(AND(BY14=3),"Superficie con frecuentes baches o irregularidades .",IF(AND(BY14=2),"Superficie muy irregular o con baches extensos y frecuentes (o material suelto, en caso de superficies no pavimentadas).",IF(AND(BY14=1),"Superficie muy deteriorada o irregular (o material suelto), hasta tal grado, en casi todo el tramo."))))) -> Superficie lisa, sin baches ni irregularidades notables. | CA14: 5 | CB14: =IF(CA14=5,"No existen evidencias de fallas en la estructura del pavimento, con la posible excepción de algunas en la superficie de ruedo.",IF(AND(CA14=4),"Existen huellas o corrugaciones que se derivan por debajo de la superficie de ruedo, pero que son aisladas y de poca extensión.",IF(AND(CA14=3),"Existen deformaciones u otras fallas de consideración sobre una buena parte de la subsección y, aunque no son extensas todavía, parece que siguen extendiéndose.",IF(AND(CA14=2),"Existen deformaciones u otras fallas de consideración sobre la mayor parte del tramo.",IF(AND(CA14=1),"Existen corrugaciones o huellas profundas sobre casi toda la faja de ruedo del tramo, hasta tal grado que no sería factible corregir la falla de la estructura, sino que se tendría que reconstruirla completamente."))))) -> No existen evidencias de fallas en la estructura del pavimento, con la posible excepción de algunas en la superficie de ruedo. | CC14: =(K14*BM14)*365/1000000 -> 0
B15: 10091 | C15: 1 | D15: 1 | E15: 4 | F15: 9 | G15: 318 | H15: =IF(G15<100,"Primaria",IF(AND(G15>39,G15<300),"Secundaria",IF(AND(G15>299),"Terciaria"))) -> Terciaria | I15: 3 | J15: =IF(I15=1,"Red de Alta Capacidad",IF(AND(I15=2),"Distribuidores Regionales",IF(AND(I15=3),"Conectores de Integración Territorial",IF(AND(I15=4),"Red Básica de Accesso")))) -> Conectores de Integración Territorial | K15: =P15+$T15+$X15+$AB15+$AG15+$AK15+$AW15+AO15+AS15 -> 12.785 | L15: =K15 -> 12.785 | P15: =SUM(M15:O15) -> 0 | T15: =SUM(Q15:S15) -> 0 | X15: =U15+V15+W15 -> 0 | AB15: =Y15+Z15+AA15 -> 0 | AC15: =T15+X15+AB15 -> 0 | AE15: 9.29 | AF15: 3.495 | AG15: =SUM(AD15:AF15) -> 12.785 | AK15: =SUM(AH15:AJ15) -> 0 | AO15: =SUM(AL15:AN15) -> 0 | AS15: =SUM(AP15:AR15) -> 0 | AW15: =SUM(AT15:AV15) -> 0 | AX15: Santa Rosa(R.239)-Fila Aguacate(Escuela) | AY15: 09/13 | AZ15: 02/16 | BA15: 10.0-14.0 | BB15: 2 | BC15: 4 | BD15: =IF(BC15=1,"Llano (Pendientes naturales del terreno entre 0 y 5%)",IF(AND(BC15=2),"Algo Ondulado (Pendientes naturales del terreno entre 6 y 14%)",IF(AND(BC15=3),"Muy Ondulado (Pendientes naturales del terreno entre 15 y 25%)",IF(AND(BC15=4),"Montañoso (Pendientes naturales del terreno mayores a 25%)")))) -> Montañoso (Pendientes naturales del terreno mayores a 25%) | BE15: 4 | BF15: =VLOOKUP(BE15,'Códigos 2'!$A$1:$B$12,2,FALSE) -> Lastre o grava | BG15: 1 | BH15: 4.3 | BI15: 0 | BJ15: =IF(BI15=0,"No existe",IF(AND(BI15=1),"Pavimentado",IF(AND(BI15=2),"Mejorado",IF(AND(BI15=3),"Tierra")))) -> No existe | BK15: 0 | BL15: 30 | BM15: 27 | BN15: 2 | BO15: =IF(BN15=5,"Alineamiento recto o con curvas tan suaves que no exigen una reducción significativa en la velocidad promedio normal de recorrido.",IF(AND(BN15=4),"Alineamiento con algunas curvas que exigen una reducción significativa en la velocidad promedio de circulación.",IF(AND(BN15=3),"Alineamiento algo sinuoso, pero con curvas cerradas que son aparentes y consistentes con las gradientes y las demás características del camino y del terreno que se atraviesa.",IF(AND(BN15=2),"Curvas cerradas frecuentes y, por lo general, inconsistentes con el terreno y la clase de carretera.",IF(AND(BN15=1),"Alineamiento muy sinuoso en todo el tramo, condición que admite solamente una velocidad de circulación muy baja."))))) -> Curvas cerradas frecuentes y, por lo general, inconsistentes con el terreno y la clase de carretera. | BP15: 1 | BQ15: =IF(BP15=5,"Pendientes menores del 3% en todo el tramo.",IF(AND(BP15=4),"Pendientes generalmente menores del 3% pero con algunas cuestas de corta longitud de hasta el 5%.",IF(AND(BP15=3),"Pendientes generalmente entre 3 y 6%, pero con una rasante ondulada y, consecuentemente, con tramos cortos de subida fuerte.",IF(AND(BP15=2),"Pendientes sostenidas entre 5 y 8% sobre una buena parte del tramo, condición que afecta en forma marcada la velocidad de recorrido y, cuando hay bastante tránsito, provoca frecuentes colas de vehículos detrás de los vehículos pesados.",IF(AND(BP15=1),"Pendientes sostenidas en exceso del 7% en casi todo el tramo. "))))) -> Pendientes sostenidas en exceso del 7% en casi todo el tramo. | BR15: 1 | BS15: 1 | BT15: =IF(BS15=5,"Superficie de los espaldones firme y regular, y donde se puede utilizar el ancho como fue construido originalmente.",IF(AND(BS15=4),"Superficie generalmente firme y utilizable en todo tiempo, pero con algunos tramos cortos en que el ancho inicial ha sido reducido por erosión u otras causas.",IF(AND(BS15=3),"Superficie erosionada o con baches profundos sobre una buena parte de la subsección, de manera que se inhibe el uso de los espaldones en la debida forma en esa parte.",IF(AND(BS15=2),"Superficie erosionada o con baches profundos, o el ancho transitable de los espaldones reducido sustancialmente, en casi toda la subsección.",IF(AND(BS15=1),"Se encuentra un desnivel peligroso entre el borde del pavimento y el espaldón, o la superficie está muy erosionada, con baches profundos o material suelto, o el ancho muy reducido del original."))))) -> Se encuentra un desnivel peligroso entre el borde del pavimento y el espaldón, o la superficie está muy erosionada, con baches profundos o material suelto, o el ancho muy reducido del original. | BU15: 2 | BV15: =IF(BU15=5,"Las señales son completamente adecuadas en número y ubicación, ",IF(AND(BU15=4),"El señalamiento es bastante completo, faltando solamente algunas señales de guía para los usuarios que no conocen la ruta.",IF(AND(BU15=3),"El señalamiento es regular en cuanto a cantidad y ubicación, siendo notable la falta de algunas señales de precaución y de guía.",IF(AND(BU15=2),"Existen muy pocas señales",IF(AND(BU15=1),"No existen señales o son tan inadecuadas, que no proveen información útil al conductor."))))) -> Existen muy pocas señales | BW15: 4 | BX15: =IF(BW15=5,"Todas las alcantarillas y cunetas están bastante limpias y funcionan debidamente.",IF(AND(BW15=4),"La mayoría de las alcantarillas y cunetas aparentemente funcionan bien, pero existen indicaciones en algunos sitios de que el agua se estanca.",IF(AND(BW15=3),"Parece que algunas alcantarillas o cunetas no tienen capacidad hidráulica suficiente, por la erosión o socavación aparente.",IF(AND(BW15=2),"Parece que la mayoría de las alcantarillas y cunetas son inadecuadas; o hay vados en varios sitios en vez de estructuras de drenaje.",IF(AND(BW15=1),"El agua escurre por la calzada durante períodos de lluvia sobre una buena parte de la sub-sección y no existen cunetas longitudinales definidas; las estructuras de drenaje no existen, o son completamente inadecuadas."))))) -> La mayoría de las alcantarillas y cunetas aparentemente funcionan bien, pero existen indicaciones en algunos sitios de que el agua se estanca. | BY15: 3 | BZ15: =IF(BY15=5,"Superficie lisa, sin baches ni irregularidades notables.",IF(AND(BY15=4),"Superficie generalmente lisa, pero con unas pequeñas corrugaciones u otras irregularidades aisladas, o con baches pequeños superficiales.",IF(AND(BY15=3),"Superficie con frecuentes baches o irregularidades .",IF(AND(BY15=2),"Superficie muy irregular o con baches extensos y frecuentes (o material suelto, en caso de superficies no pavimentadas).",IF(AND(BY15=1),"Superficie muy deteriorada o irregular (o material suelto), hasta tal grado, en casi todo el tramo."))))) -> Superficie con frecuentes baches o irregularidades . | CA15: 4 | CB15: =IF(CA15=5,"No existen evidencias de fallas en la estructura del pavimento, con la posible excepción de algunas en la superficie de ruedo.",IF(AND(CA15=4),"Existen huellas o corrugaciones que se derivan por debajo de la superficie de ruedo, pero que son aisladas y de poca extensión.",IF(AND(CA15=3),"Existen deformaciones u otras fallas de consideración sobre una buena parte de la subsección y, aunque no son extensas todavía, parece que siguen extendiéndose.",IF(AND(CA15=2),"Existen deformaciones u otras fallas de consideración sobre la mayor parte del tramo.",IF(AND(CA15=1),"Existen corrugaciones o huellas profundas sobre casi toda la faja de ruedo del tramo, hasta tal grado que no sería factible corregir la falla de la estructura, sino que se tendría que reconstruirla completamente."))))) -> Existen huellas o corrugaciones que se derivan por debajo de la superficie de ruedo, pero que son aisladas y de poca extensión. | CC15: =(K15*BM15)*365/1000000 -> 0.12599618 | CF15: *pte queb.grande(fecha: miercoles 18/09/2013)(hora: 11:30 a 12:30)
B16: 10092 | C16: 1 | D16: 1 | E16: 4 | F16: 9 | G16: 318 | H16: =IF(G16<100,"Primaria",IF(AND(G16>39,G16<300),"Secundaria",IF(AND(G16>299),"Terciaria"))) -> Terciaria | I16: 3 | J16: =IF(I16=1,"Red de Alta Capacidad",IF(AND(I16=2),"Distribuidores Regionales",IF(AND(I16=3),"Conectores de Integración Territorial",IF(AND(I16=4),"Red Básica de Accesso")))) -> Conectores de Integración Territorial | K16: =P16+$T16+$X16+$AB16+$AG16+$AK16+$AW16+AO16+AS16 -> 3.455 | L16: =L15+K16 -> 16.24 | P16: =SUM(M16:O16) -> 0 | T16: =SUM(Q16:S16) -> 0 | X16: =U16+V16+W16 -> 0 | AB16: =Y16+Z16+AA16 -> 0 | AC16: =T16+X16+AB16 -> 0 | AF16: 3.455 | AG16: =SUM(AD16:AF16) -> 3.455 | AK16: =SUM(AH16:AJ16) -> 0 | AO16: =SUM(AL16:AN16) -> 0 | AS16: =SUM(AP16:AR16) -> 0 | AW16: =SUM(AT16:AV16) -> 0 | AX16: Fila Aguacate(Escuela)-San Gerardo (Limite Provincial) | AY16: 09/13 | AZ16: 02/16 | BA16: 10,7 -12,0 | BB16: 0 | BC16: 4 | BD16: =IF(BC16=1,"Llano (Pendientes naturales del terreno entre 0 y 5%)",IF(AND(BC16=2),"Algo Ondulado (Pendientes naturales del terreno entre 6 y 14%)",IF(AND(BC16=3),"Muy Ondulado (Pendientes naturales del terreno entre 15 y 25%)",IF(AND(BC16=4),"Montañoso (Pendientes naturales del terreno mayores a 25%)")))) -> Montañoso (Pendientes naturales del terreno mayores a 25%) | BE16: 4 | BF16: =VLOOKUP(BE16,'Códigos 2'!$A$1:$B$12,2,FALSE) -> Lastre o grava | BG16: 1 | BH16: 4.3 | BI16: 0 | BJ16: =IF(BI16=0,"No existe",IF(AND(BI16=1),"Pavimentado",IF(AND(BI16=2),"Mejorado",IF(AND(BI16=3),"Tierra")))) -> No existe | BK16: 0 | BL16: 25 | BM16: 10 | BN16: 2 | BO16: =IF(BN16=5,"Alineamiento recto o con curvas tan suaves que no exigen una reducción significativa en la velocidad promedio normal de recorrido.",IF(AND(BN16=4),"Alineamiento con algunas curvas que exigen una reducción significativa en la velocidad promedio de circulación.",IF(AND(BN16=3),"Alineamiento algo sinuoso, pero con curvas cerradas que son aparentes y consistentes con las gradientes y las demás características del camino y del terreno que se atraviesa.",IF(AND(BN16=2),"Curvas cerradas frecuentes y, por lo general, inconsistentes con el terreno y la clase de carretera.",IF(AND(BN16=1),"Alineamiento muy sinuoso en todo el tramo, condición que admite solamente una velocidad de circulación muy baja."))))) -> Curvas cerradas frecuentes y, por lo general, inconsistentes con el terreno y la clase de carretera. | BP16: 1 | BQ16: =IF(BP16=5,"Pendientes menores del 3% en todo el tramo.",IF(AND(BP16=4),"Pendientes generalmente menores del 3% pero con algunas cuestas de corta longitud de hasta el 5%.",IF(AND(BP16=3),"Pendientes generalmente entre 3 y 6%, pero con una rasante ondulada y, consecuentemente, con tramos cortos de subida fuerte.",IF(AND(BP16=2),"Pendientes sostenidas entre 5 y 8% sobre una buena parte del tramo, condición que afecta en forma marcada la velocidad de recorrido y, cuando hay bastante tránsito, provoca frecuentes colas de vehículos detrás de los vehículos pesados.",IF(AND(BP16=1),"Pendientes sostenidas en exceso del 7% en casi todo el tramo. "))))) -> Pendientes sostenidas en exceso del 7% en casi todo el tramo. | BR16: 1 | BS16: 0 | BT16: =IF(BS16=5,"Superficie de los espaldones firme y regular, y donde se puede utilizar el ancho como fue construido originalmente.",IF(AND(BS16=4),"Superficie generalmente firme y utilizable en todo tiempo, pero con algunos tramos cortos en que el ancho inicial ha sido reducido por erosión u otras causas.",IF(AND(BS16=3),"Superficie erosionada o con baches profundos sobre una buena parte de la subsección, de manera que se inhibe el uso de los espaldones en la debida forma en esa parte.",IF(AND(BS16=2),"Superficie erosionada o con baches profundos, o el ancho transitable de los espaldones reducido sustancialmente, en casi toda la subsección.",IF(AND(BS16=1),"Se encuentra un desnivel peligroso entre el borde del pavimento y el espaldón, o la superficie está muy erosionada, con baches profundos o material suelto, o el ancho muy reducido del original."))))) -> FALSE | BU16: 1 | BV16: =IF(BU16=5,"Las señales son completamente adecuadas en número y ubicación, ",IF(AND(BU16=4),"El señalamiento es bastante completo, faltando solamente algunas señales de guía para los usuarios que no conocen la ruta.",IF(AND(BU16=3),"El señalamiento es regular en cuanto a cantidad y ubicación, siendo notable la falta de algunas señales de precaución y de guía.",IF(AND(BU16=2),"Existen muy pocas señales",IF(AND(BU16=1),"No existen señales o son tan inadecuadas, que no proveen información útil al conductor."))))) -> No existen señales o son tan inadecuadas, que no proveen información útil al conductor. | BW16: 3 | BX16: =IF(BW16=5,"Todas las alcantarillas y cunetas están bastante limpias y funcionan debidamente.",IF(AND(BW16=4),"La mayoría de las alcantarillas y cunetas aparentemente funcionan bien, pero existen indicaciones en algunos sitios de que el agua se estanca.",IF(AND(BW16=3),"Parece que algunas alcantarillas o cunetas no tienen capacidad hidráulica suficiente, por la erosión o socavación aparente.",IF(AND(BW16=2),"Parece que la mayoría de las alcantarillas y cunetas son inadecuadas; o hay vados en varios sitios en vez de estructuras de drenaje.",IF(AND(BW16=1),"El agua escurre por la calzada durante períodos de lluvia sobre una buena parte de la sub-sección y no existen cunetas longitudinales definidas; las estructuras de drenaje no existen, o son completamente inadecuadas."))))) -> Parece que algunas alcantarillas o cunetas no tienen capacidad hidráulica suficiente, por la erosión o socavación aparente. | BY16: 2 | BZ16: =IF(BY16=5,"Superficie lisa, sin baches ni irregularidades notables.",IF(AND(BY16=4),"Superficie generalmente lisa, pero con unas pequeñas corrugaciones u otras irregularidades aisladas, o con baches pequeños superficiales.",IF(AND(BY16=3),"Superficie con frecuentes baches o irregularidades .",IF(AND(BY16=2),"Superficie muy irregular o con baches extensos y frecuentes (o material suelto, en caso de superficies no pavimentadas).",IF(AND(BY16=1),"Superficie muy deteriorada o irregular (o material suelto), hasta tal grado, en casi todo el tramo."))))) -> Superficie muy irregular o con baches extensos y frecuentes (o material suelto, en caso de superficies no pavimentadas). | CA16: 3 | CB16: =IF(CA16=5,"No existen evidencias de fallas en la estructura del pavimento, con la posible excepción de algunas en la superficie de ruedo.",IF(AND(CA16=4),"Existen huellas o corrugaciones que se derivan por debajo de la superficie de ruedo, pero que son aisladas y de poca extensión.",IF(AND(CA16=3),"Existen deformaciones u otras fallas de consideración sobre una buena parte de la subsección y, aunque no son extensas todavía, parece que siguen extendiéndose.",IF(AND(CA16=2),"Existen deformaciones u otras fallas de consideración sobre la mayor parte del tramo.",IF(AND(CA16=1),"Existen corrugaciones o huellas profundas sobre casi toda la faja de ruedo del tramo, hasta tal grado que no sería factible corregir la falla de la estructura, sino que se tendría que reconstruirla completamente."))))) -> Existen deformaciones u otras fallas de consideración sobre una buena parte de la subsección y, aunque no son extensas todavía, parece que siguen extendiéndose. | CC16: =(K16*BM16)*365/1000000 -> 0.01261075 | CF16: *0+300 mts antes de escuela san gerardo(fecha: miercoles 18/09/2013)(hora: 14:30 a 15:30)
B17: 10100 | C17: 1 | D17: 1 | E17: 3 | F17: 8 | G17: 406 | H17: Terciaria | I17: 4 | J17: =IF(I17=1,"Red de Alta Capacidad",IF(AND(I17=2),"Distribuidores Regionales",IF(AND(I17=3),"Conectores de Integración Territorial",IF(AND(I17=4),"Red Básica de Accesso")))) -> Red Básica de Accesso | K17: =P17+$T17+$X17+$AB17+$AG17+$AK17+$AW17+AO17+AS17 -> 5.785 | L17: =K17 -> 5.785 | P17: =SUM(M17:O17) -> 0 | T17: =SUM(Q17:S17) -> 0 | V17: 2.94 | W17: 2.845 | X17: =U17+V17+W17 -> 5.785 | AB17: =Y17+Z17+AA17 -> 0 | AC17: =T17+X17+AB17 -> 5.785 | AG17: =SUM(AD17:AF17) -> 0 | AK17: =SUM(AH17:AJ17) -> 0 | AO17: =SUM(AL17:AN17) -> 0 | AS17: =SUM(AP17:AR17) -> 0 | AW17: =SUM(AT17:AV17) -> 0 | AX17: Casamata (R.2) - San Cristóbal Norte (Río San Cristóbal) (Lte. Provincial) | AY17: 03/15 | BA17: 9.8-12 | BB17: 0 | BC17: 4 | BD17: =IF(BC17=1,"Llano (Pendientes naturales del terreno entre 0 y 5%)",IF(AND(BC17=2),"Algo Ondulado (Pendientes naturales del terreno entre 6 y 14%)",IF(AND(BC17=3),"Muy Ondulado (Pendientes naturales del terreno entre 15 y 25%)",IF(AND(BC17=4),"Montañoso (Pendientes naturales del terreno mayores a 25%)")))) -> Montañoso (Pendientes naturales del terreno mayores a 25%) | BE17: 2 | BF17: =VLOOKUP(BE17,'Códigos 2'!$A$1:$B$12,2,FALSE) -> Tratamiento superficial múltiple (TSM) | BG17: 2 | BH17: 5.5 | BI17: 0 | BJ17: =IF(BI17=0,"No existe",IF(AND(BI17=1),"Pavimentado",IF(AND(BI17=2),"Mejorado",IF(AND(BI17=3),"Tierra")))) -> No existe | BK17: 0 | BL17: 35 | BM17: 0 | BN17: 2 | BO17: =IF(BN17=5,"Alineamiento recto o con curvas tan suaves que no exigen una reducción significativa en la velocidad promedio normal de recorrido.",IF(AND(BN17=4),"Alineamiento con algunas curvas que exigen una reducción significativa en la velocidad promedio de circulación.",IF(AND(BN17=3),"Alineamiento algo sinuoso, pero con curvas cerradas que son aparentes y consistentes con las gradientes y las demás características del camino y del terreno que se atraviesa.",IF(AND(BN17=2),"Curvas cerradas frecuentes y, por lo general, inconsistentes con el terreno y la clase de carretera.",IF(AND(BN17=1),"Alineamiento muy sinuoso en todo el tramo, condición que admite solamente una velocidad de circulación muy baja."))))) -> Curvas cerradas frecuentes y, por lo general, inconsistentes con el terreno y la clase de carretera. | BP17: 1 | BQ17: =IF(BP17=5,"Pendientes menores del 3% en todo el tramo.",IF(AND(BP17=4),"Pendientes generalmente menores del 3% pero con algunas cuestas de corta longitud de hasta el 5%.",IF(AND(BP17=3),"Pendientes generalmente entre 3 y 6%, pero con una rasante ondulada y, consecuentemente, con tramos cortos de subida fuerte.",IF(AND(BP17=2),"Pendientes sostenidas entre 5 y 8% sobre una buena parte del tramo, condición que afecta en forma marcada la velocidad de recorrido y, cuando hay bastante tránsito, provoca frecuentes colas de vehículos detrás de los vehículos pesados.",IF(AND(BP17=1),"Pendientes sostenidas en exceso del 7% en casi todo el tramo. "))))) -> Pendientes sostenidas en exceso del 7% en casi todo el tramo. | BR17: 1 | BS17: 0 | BT17: =IF(BS17=5,"Superficie de los espaldones firme y regular, y donde se puede utilizar el ancho como fue construido originalmente.",IF(AND(BS17=4),"Superficie generalmente firme y utilizable en todo tiempo, pero con algunos tramos cortos en que el ancho inicial ha sido reducido por erosión u otras causas.",IF(AND(BS17=3),"Superficie erosionada o con baches profundos sobre una buena parte de la subsección, de manera que se inhibe el uso de los espaldones en la debida forma en esa parte.",IF(AND(BS17=2),"Superficie erosionada o con baches profundos, o el ancho transitable de los espaldones reducido sustancialmente, en casi toda la subsección.",IF(AND(BS17=1),"Se encuentra un desnivel peligroso entre el borde del pavimento y el espaldón, o la superficie está muy erosionada, con baches profundos o material suelto, o el ancho muy reducido del original."))))) -> FALSE | BU17: 2 | BV17: =IF(BU17=5,"Las señales son completamente adecuadas en número y ubicación, ",IF(AND(BU17=4),"El señalamiento es bastante completo, faltando solamente algunas señales de guía para los usuarios que no conocen la ruta.",IF(AND(BU17=3),"El señalamiento es regular en cuanto a cantidad y ubicación, siendo notable la falta de algunas señales de precaución y de guía.",IF(AND(BU17=2),"Existen muy pocas señales",IF(AND(BU17=1),"No existen señales o son tan inadecuadas, que no proveen información útil al conductor."))))) -> Existen muy pocas señales | BW17: 4 | BX17: =IF(BW17=5,"Todas las alcantarillas y cunetas están bastante limpias y funcionan debidamente.",IF(AND(BW17=4),"La mayoría de las alcantarillas y cunetas aparentemente funcionan bien, pero existen indicaciones en algunos sitios de que el agua se estanca.",IF(AND(BW17=3),"Parece que algunas alcantarillas o cunetas no tienen capacidad hidráulica suficiente, por la erosión o socavación aparente.",IF(AND(BW17=2),"Parece que la mayoría de las alcantarillas y cunetas son inadecuadas; o hay vados en varios sitios en vez de estructuras de drenaje.",IF(AND(BW17=1),"El agua escurre por la calzada durante períodos de lluvia sobre una buena parte de la sub-sección y no existen cunetas longitudinales definidas; las estructuras de drenaje no existen, o son completamente inadecuadas."))))) -> La mayoría de las alcantarillas y cunetas aparentemente funcionan bien, pero existen indicaciones en algunos sitios de que el agua se estanca. | BY17: 2 | BZ17: =IF(BY17=5,"Superficie lisa, sin baches ni irregularidades notables.",IF(AND(BY17=4),"Superficie generalmente lisa, pero con unas pequeñas corrugaciones u otras irregularidades aisladas, o con baches pequeños superficiales.",IF(AND(BY17=3),"Superficie con frecuentes baches o irregularidades .",IF(AND(BY17=2),"Superficie muy irregular o con baches extensos y frecuentes (o material suelto, en caso de superficies no pavimentadas).",IF(AND(BY17=1),"Superficie muy deteriorada o irregular (o material suelto), hasta tal grado, en casi todo el tramo."))))) -> Superficie muy irregular o con baches extensos y frecuentes (o material suelto, en caso de superficies no pavimentadas). | CA17: 4 | CB17: =IF(CA17=5,"No existen evidencias de fallas en la estructura del pavimento, con la posible excepción de algunas en la superficie de ruedo.",IF(AND(CA17=4),"Existen huellas o corrugaciones que se derivan por debajo de la superficie de ruedo, pero que son aisladas y de poca extensión.",IF(AND(CA17=3),"Existen deformaciones u otras fallas de consideración sobre una buena parte de la subsección y, aunque no son extensas todavía, parece que siguen extendiéndose.",IF(AND(CA17=2),"Existen deformaciones u otras fallas de consideración sobre la mayor parte del tramo.",IF(AND(CA17=1),"Existen corrugaciones o huellas profundas sobre casi toda la faja de ruedo del tramo, hasta tal grado que no sería factible corregir la falla de la estructura, sino que se tendría que reconstruirla completamente."))))) -> Existen huellas o corrugaciones que se derivan por debajo de la superficie de ruedo, pero que son aisladas y de poca extensión. | CC17: =(K17*BM17)*365/1000000 -> 0 | CD17: 117 | CE17: 07 | CF17: CASAMATA(0+100 MTS DESPUES INICIO RUTA)
B18: 10110 | C18: 10 | D18: 1 | E18: 19 | F18: 1 | G18: 328 | H18: Terciaria | I18: 3 | J18: =IF(I18=1,"Red de Alta Capacidad",IF(AND(I18=2),"Distribuidores Regionales",IF(AND(I18=3),"Conectores de Integración Territorial",IF(AND(I18=4),"Red Básica de Accesso")))) -> Conectores de Integración Territorial | K18: =P18+$T18+$X18+$AB18+$AG18+$AK18+$AW18+AO18+AS18 -> 2.52 | L18: =K18 -> 2.52 | P18: =SUM(M18:O18) -> 0 | Q18: 2.52 | T18: =SUM(Q18:S18) -> 2.52 | X18: =U18+V18+W18 -> 0 | AB18: =Y18+Z18+AA18 -> 0 | AC18: =T18+X18+AB18 -> 2.52 | AG18: =SUM(AD18:AF18) -> 0 | AK18: =SUM(AH18:AJ18) -> 0 | AO18: =SUM(AL18:AN18) -> 0 | AS18: =SUM(AP18:AR18) -> 0 | AW18: =SUM(AT18:AV18) -> 0 | AX18: San Isidro De El General(R.2)-Pedregoso(R.325) | AY18: 08/13 | AZ18: 07/15 | BA18: 13-14 | BB18: 0 | BC18: 3 | BD18: =IF(BC18=1,"Llano (Pendientes naturales del terreno entre 0 y 5%)",IF(AND(BC18=2),"Algo Ondulado (Pendientes naturales del terreno entre 6 y 14%)",IF(AND(BC18=3),"Muy Ondulado (Pendientes naturales del terreno entre 15 y 25%)",IF(AND(BC18=4),"Montañoso (Pendientes naturales del terreno mayores a 25%)")))) -> Muy Ondulado (Pendientes naturales del terreno entre 15 y 25%) | BE18: 1 | BF18: =VLOOKUP(BE18,'Códigos 2'!$A$1:$B$12,2,FALSE) -> Carpeta Asfáltica (CA) | BG18: 2 | BH18: 6.1 | BI18: 0 | BJ18: =IF(BI18=0,"No existe",IF(AND(BI18=1),"Pavimentado",IF(AND(BI18=2),"Mejorado",IF(AND(BI18=3),"Tierra")))) -> No existe | BK18: 0 | BL18: 40 | BM18: 4749 | BN18: 3 | BO18: =IF(BN18=5,"Alineamiento recto o con curvas tan suaves que no exigen una reducción significativa en la velocidad promedio normal de recorrido.",IF(AND(BN18=4),"Alineamiento con algunas curvas que exigen una reducción significativa en la velocidad promedio de circulación.",IF(AND(BN18=3),"Alineamiento algo sinuoso, pero con curvas cerradas que son aparentes y consistentes con las gradientes y las demás características del camino y del terreno que se atraviesa.",IF(AND(BN18=2),"Curvas cerradas frecuentes y, por lo general, inconsistentes con el terreno y la clase de carretera.",IF(AND(BN18=1),"Alineamiento muy sinuoso en todo el tramo, condición que admite solamente una velocidad de circulación muy baja."))))) -> Alineamiento algo sinuoso, pero con curvas cerradas que son aparentes y consistentes con las gradientes y las demás características del camino y del terreno que se atraviesa. | BP18: 1 | BQ18: =IF(BP18=5,"Pendientes menores del 3% en todo el tramo.",IF(AND(BP18=4),"Pendientes generalmente menores del 3% pero con algunas cuestas de corta longitud de hasta el 5%.",IF(AND(BP18=3),"Pendientes generalmente entre 3 y 6%, pero con una rasante ondulada y, consecuentemente, con tramos cortos de subida fuerte.",IF(AND(BP18=2),"Pendientes sostenidas entre 5 y 8% sobre una buena parte del tramo, condición que afecta en forma marcada la velocidad de recorrido y, cuando hay bastante tránsito, provoca frecuentes colas de vehículos detrás de los vehículos pesados.",IF(AND(BP18=1),"Pendientes sostenidas en exceso del 7% en casi todo el tramo. "))))) -> Pendientes sostenidas en exceso del 7% en casi todo el tramo. | BR18: 1 | BS18: 0 | BT18: =IF(BS18=5,"Superficie de los espaldones firme y regular, y donde se puede utilizar el ancho como fue construido originalmente.",IF(AND(BS18=4),"Superficie generalmente firme y utilizable en todo tiempo, pero con algunos tramos cortos en que el ancho inicial ha sido reducido por erosión u otras causas.",IF(AND(BS18=3),"Superficie erosionada o con baches profundos sobre una buena parte de la subsección, de manera que se inhibe el uso de los espaldones en la debida forma en esa parte.",IF(AND(BS18=2),"Superficie erosionada o con baches profundos, o el ancho transitable de los espaldones reducido sustancialmente, en casi toda la subsección.",IF(AND(BS18=1),"Se encuentra un desnivel peligroso entre el borde del pavimento y el espaldón, o la superficie está muy erosionada, con baches profundos o material suelto, o el ancho muy reducido del original."))))) -> FALSE | BU18: 3 | BV18: =IF(BU18=5,"Las señales son completamente adecuadas en número y ubicación, ",IF(AND(BU18=4),"El señalamiento es bastante completo, faltando solamente algunas señales de guía para los usuarios que no conocen la ruta.",IF(AND(BU18=3),"El señalamiento es regular en cuanto a cantidad y ubicación, siendo notable la falta de algunas señales de precaución y de guía.",IF(AND(BU18=2),"Existen muy pocas señales",IF(AND(BU18=1),"No existen señales o son tan inadecuadas, que no proveen información útil al conductor."))))) -> El señalamiento es regular en cuanto a cantidad y ubicación, siendo notable la falta de algunas señales de precaución y de guía. | BW18: 4 | BX18: =IF(BW18=5,"Todas las alcantarillas y cunetas están bastante limpias y funcionan debidamente.",IF(AND(BW18=4),"La mayoría de las alcantarillas y cunetas aparentemente funcionan bien, pero existen indicaciones en algunos sitios de que el agua se estanca.",IF(AND(BW18=3),"Parece que algunas alcantarillas o cunetas no tienen capacidad hidráulica suficiente, por la erosión o socavación aparente.",IF(AND(BW18=2),"Parece que la mayoría de las alcantarillas y cunetas son inadecuadas; o hay vados en varios sitios en vez de estructuras de drenaje.",IF(AND(BW18=1),"El agua escurre por la calzada durante períodos de lluvia sobre una buena parte de la sub-sección y no existen cunetas longitudinales definidas; las estructuras de drenaje no existen, o son completamente inadecuadas."))))) -> La mayoría de las alcantarillas y cunetas aparentemente funcionan bien, pero existen indicaciones en algunos sitios de que el agua se estanca. | BY18: 5 | BZ18: =IF(BY18=5,"Superficie lisa, sin baches ni irregularidades notables.",IF(AND(BY18=4),"Superficie generalmente lisa, pero con unas pequeñas corrugaciones u otras irregularidades aisladas, o con baches pequeños superficiales.",IF(AND(BY18=3),"Superficie con frecuentes baches o irregularidades .",IF(AND(BY18=2),"Superficie muy irregular o con baches extensos y frecuentes (o material suelto, en caso de superficies no pavimentadas).",IF(AND(BY18=1),"Superficie muy deteriorada o irregular (o material suelto), hasta tal grado, en casi todo el tramo."))))) -> Superficie lisa, sin baches ni irregularidades notables. | CA18: 5 | CB18: =IF(CA18=5,"No existen evidencias de fallas en la estructura del pavimento, con la posible excepción de algunas en la superficie de ruedo.",IF(AND(CA18=4),"Existen huellas o corrugaciones que se derivan por debajo de la superficie de ruedo, pero que son aisladas y de poca extensión.",IF(AND(CA18=3),"Existen deformaciones u otras fallas de consideración sobre una buena parte de la subsección y, aunque no son extensas todavía, parece que siguen extendiéndose.",IF(AND(CA18=2),"Existen deformaciones u otras fallas de consideración sobre la mayor parte del tramo.",IF(AND(CA18=1),"Existen corrugaciones o huellas profundas sobre casi toda la faja de ruedo del tramo, hasta tal grado que no sería factible corregir la falla de la estructura, sino que se tendría que reconstruirla completamente."))))) -> No existen evidencias de fallas en la estructura del pavimento, con la posible excepción de algunas en la superficie de ruedo. | CC18: =(K18*BM18)*365/1000000 -> 4.3681302 | CF18: *lectura km 1+665(fecha: lunes 26/08/2013)(hora: 15:00 a 16:00)
B19: 10121 | C19: 10 | D19: 1 | E19: 19 | F19: 10 | G19: 328 | H19: Terciaria | I19: 4 | J19: =IF(I19=1,"Red de Alta Capacidad",IF(AND(I19=2),"Distribuidores Regionales",IF(AND(I19=3),"Conectores de Integración Territorial",IF(AND(I19=4),"Red Básica de Accesso")))) -> Red Básica de Accesso | K19: =P19+$T19+$X19+$AB19+$AG19+$AK19+$AW19+AO19+AS19 -> 4.34 | L19: =L18+K19 -> 6.86 | P19: =SUM(M19:O19) -> 0 | Q19: 0.025 | T19: =SUM(Q19:S19) -> 0.025 | W19: 0.29 | X19: =U19+V19+W19 -> 0.29 | AB19: =Y19+Z19+AA19 -> 0 | AC19: =T19+X19+AB19 -> 0.315 | AF19: 4.025 | AG19: =SUM(AD19:AF19) -> 4.025 | AK19: =SUM(AH19:AJ19) -> 0 | AO19: =SUM(AL19:AN19) -> 0 | AS19: =SUM(AP19:AR19) -> 0 | AW19: =SUM(AT19:AV19) -> 0 | AX19: Santa Rosa (Cruce A San Antonio) - Río Nuevo O San Cayetano (Iglesia) | AY19: 08/13 | AZ19: 07/15 | BA19: 12-14 | BB19: 1 | BC19: 4 | BD19: =IF(BC19=1,"Llano (Pendientes naturales del terreno entre 0 y 5%)",IF(AND(BC19=2),"Algo Ondulado (Pendientes naturales del terreno entre 6 y 14%)",IF(AND(BC19=3),"Muy Ondulado (Pendientes naturales del terreno entre 15 y 25%)",IF(AND(BC19=4),"Montañoso (Pendientes naturales del terreno mayores a 25%)")))) -> Montañoso (Pendientes naturales del terreno mayores a 25%) | BE19: 4 | BF19: =VLOOKUP(BE19,'Códigos 2'!$A$1:$B$12,2,FALSE) -> Lastre o grava | BG19: 1 | BH19: 4.8 | BI19: 0 | BJ19: =IF(BI19=0,"No existe",IF(AND(BI19=1),"Pavimentado",IF(AND(BI19=2),"Mejorado",IF(AND(BI19=3),"Tierra")))) -> No existe | BK19: 0 | BL19: 25 | BM19: 295 | BN19: 2 | BO19: =IF(BN19=5,"Alineamiento recto o con curvas tan suaves que no exigen una reducción significativa en la velocidad promedio normal de recorrido.",IF(AND(BN19=4),"Alineamiento con algunas curvas que exigen una reducción significativa en la velocidad promedio de circulación.",IF(AND(BN19=3),"Alineamiento algo sinuoso, pero con curvas cerradas que son aparentes y consistentes con las gradientes y las demás características del camino y del terreno que se atraviesa.",IF(AND(BN19=2),"Curvas cerradas frecuentes y, por lo general, inconsistentes con el terreno y la clase de carretera.",IF(AND(BN19=1),"Alineamiento muy sinuoso en todo el tramo, condición que admite solamente una velocidad de circulación muy baja."))))) -> Curvas cerradas frecuentes y, por lo general, inconsistentes con el terreno y la clase de carretera. | BP19: 1 | BQ19: =IF(BP19=5,"Pendientes menores del 3% en todo el tramo.",IF(AND(BP19=4),"Pendientes generalmente menores del 3% pero con algunas cuestas de corta longitud de hasta el 5%.",IF(AND(BP19=3),"Pendientes generalmente entre 3 y 6%, pero con una rasante ondulada y, consecuentemente, con tramos cortos de subida fuerte.",IF(AND(BP19=2),"Pendientes sostenidas entre 5 y 8% sobre una buena parte del tramo, condición que afecta en forma marcada la velocidad de recorrido y, cuando hay bastante tránsito, provoca frecuentes colas de vehículos detrás de los vehículos pesados.",IF(AND(BP19=1),"Pendientes sostenidas en exceso del 7% en casi todo el tramo. "))))) -> Pendientes sostenidas en exceso del 7% en casi todo el tramo. | BR19: 1 | BS19: 0 | BT19: =IF(BS19=5,"Superficie de los espaldones firme y regular, y donde se puede utilizar el ancho como fue construido originalmente.",IF(AND(BS19=4),"Superficie generalmente firme y utilizable en todo tiempo, pero con algunos tramos cortos en que el ancho inicial ha sido reducido por erosión u otras causas.",IF(AND(BS19=3),"Superficie erosionada o con baches profundos sobre una buena parte de la subsección, de manera que se inhibe el uso de los espaldones en la debida forma en esa parte.",IF(AND(BS19=2),"Superficie erosionada o con baches profundos, o el ancho transitable de los espaldones reducido sustancialmente, en casi toda la subsección.",IF(AND(BS19=1),"Se encuentra un desnivel peligroso entre el borde del pavimento y el espaldón, o la superficie está muy erosionada, con baches profundos o material suelto, o el ancho muy reducido del original."))))) -> FALSE | BU19: 3 | BV19: =IF(BU19=5,"Las señales son completamente adecuadas en número y ubicación, ",IF(AND(BU19=4),"El señalamiento es bastante completo, faltando solamente algunas señales de guía para los usuarios que no conocen la ruta.",IF(AND(BU19=3),"El señalamiento es regular en cuanto a cantidad y ubicación, siendo notable la falta de algunas señales de precaución y de guía.",IF(AND(BU19=2),"Existen muy pocas señales",IF(AND(BU19=1),"No existen señales o son tan inadecuadas, que no proveen información útil al conductor."))))) -> El señalamiento es regular en cuanto a cantidad y ubicación, siendo notable la falta de algunas señales de precaución y de guía. | BW19: 4 | BX19: =IF(BW19=5,"Todas las alcantarillas y cunetas están bastante limpias y funcionan debidamente.",IF(AND(BW19=4),"La mayoría de las alcantarillas y cunetas aparentemente funcionan bien, pero existen indicaciones en algunos sitios de que el agua se estanca.",IF(AND(BW19=3),"Parece que algunas alcantarillas o cunetas no tienen capacidad hidráulica suficiente, por la erosión o socavación aparente.",IF(AND(BW19=2),"Parece que la mayoría de las alcantarillas y cunetas son inadecuadas; o hay vados en varios sitios en vez de estructuras de drenaje.",IF(AND(BW19=1),"El agua escurre por la calzada durante períodos de lluvia sobre una buena parte de la sub-sección y no existen cunetas longitudinales definidas; las estructuras de drenaje no existen, o son completamente inadecuadas."))))) -> La mayoría de las alcantarillas y cunetas aparentemente funcionan bien, pero existen indicaciones en algunos sitios de que el agua se estanca. | BY19: 2 | BZ19: =IF(BY19=5,"Superficie lisa, sin baches ni irregularidades notables.",IF(AND(BY19=4),"Superficie generalmente lisa, pero con unas pequeñas corrugaciones u otras irregularidades aisladas, o con baches pequeños superficiales.",IF(AND(BY19=3),"Superficie con frecuentes baches o irregularidades .",IF(AND(BY19=2),"Superficie muy irregular o con baches extensos y frecuentes (o material suelto, en caso de superficies no pavimentadas).",IF(AND(BY19=1),"Superficie muy deteriorada o irregular (o material suelto), hasta tal grado, en casi todo el tramo."))))) -> Superficie muy irregular o con baches extensos y frecuentes (o material suelto, en caso de superficies no pavimentadas). | CA19: 4 | CB19: =IF(CA19=5,"No existen evidencias de fallas en la estructura del pavimento, con la posible excepción de algunas en la superficie de ruedo.",IF(AND(CA19=4),"Existen huellas o corrugaciones que se derivan por debajo de la superficie de ruedo, pero que son aisladas y de poca extensión.",IF(AND(CA19=3),"Existen deformaciones u otras fallas de consideración sobre una buena parte de la subsección y, aunque no son extensas todavía, parece que siguen extendiéndose.",IF(AND(CA19=2),"Existen deformaciones u otras fallas de consideración sobre la mayor parte del tramo.",IF(AND(CA19=1),"Existen corrugaciones o huellas profundas sobre casi toda la faja de ruedo del tramo, hasta tal grado que no sería factible corregir la falla de la estructura, sino que se tendría que reconstruirla completamente."))))) -> Existen huellas o corrugaciones que se derivan por debajo de la superficie de ruedo, pero que son aisladas y de poca extensión. | CC19: =(K19*BM19)*365/1000000 -> 0.4673095 | CF19: *pte rio nuevo(fecha: martes 27/08/2013)(hora: 10:15 a 11:15)
B20: 10122 | C20: 10 | D20: 1 | E20: 19 | F20: 10 | G20: 328 | H20: Terciaria | I20: 4 | J20: =IF(I20=1,"Red de Alta Capacidad",IF(AND(I20=2),"Distribuidores Regionales",IF(AND(I20=3),"Conectores de Integración Territorial",IF(AND(I20=4),"Red Básica de Accesso")))) -> Red Básica de Accesso | K20: =P20+$T20+$X20+$AB20+$AG20+$AK20+$AW20+AO20+AS20 -> 9.855 | L20: =L19+K20 -> 16.715 | P20: =SUM(M20:O20) -> 0 | T20: =SUM(Q20:S20) -> 0 | X20: =U20+V20+W20 -> 0 | AB20: =Y20+Z20+AA20 -> 0 | AC20: =T20+X20+AB20 -> 0 | AE20: 9.855 | AG20: =SUM(AD20:AF20) -> 9.855 | AK20: =SUM(AH20:AJ20) -> 0 | AO20: =SUM(AL20:AN20) -> 0 | AS20: =SUM(AP20:AR20) -> 0 | AW20: =SUM(AT20:AV20) -> 0 | AX20: Río Nuevo O San Cayetano(Iglesia)-Savegre Abajo(Escuela) | AY20: 08/13 | AZ20: 07/15 | BA20: 12-14 | BB20: 0 | BC20: 4 | BD20: =IF(BC20=1,"Llano (Pendientes naturales del terreno entre 0 y 5%)",IF(AND(BC20=2),"Algo Ondulado (Pendientes naturales del terreno entre 6 y 14%)",IF(AND(BC20=3),"Muy Ondulado (Pendientes naturales del terreno entre 15 y 25%)",IF(AND(BC20=4),"Montañoso (Pendientes naturales del terreno mayores a 25%)")))) -> Montañoso (Pendientes naturales del terreno mayores a 25%) | BE20: 4 | BF20: =VLOOKUP(BE20,'Códigos 2'!$A$1:$B$12,2,FALSE) -> Lastre o grava | BG20: 1 | BH20: 3.7 | BI20: 0 | BJ20: =IF(BI20=0,"No existe",IF(AND(BI20=1),"Pavimentado",IF(AND(BI20=2),"Mejorado",IF(AND(BI20=3),"Tierra")))) -> No existe | BK20: 0 | BL20: 20 | BM20: 75 | BN20: 2 | BO20: =IF(BN20=5,"Alineamiento recto o con curvas tan suaves que no exigen una reducción significativa en la velocidad promedio normal de recorrido.",IF(AND(BN20=4),"Alineamiento con algunas curvas que exigen una reducción significativa en la velocidad promedio de circulación.",IF(AND(BN20=3),"Alineamiento algo sinuoso, pero con curvas cerradas que son aparentes y consistentes con las gradientes y las demás características del camino y del terreno que se atraviesa.",IF(AND(BN20=2),"Curvas cerradas frecuentes y, por lo general, inconsistentes con el terreno y la clase de carretera.",IF(AND(BN20=1),"Alineamiento muy sinuoso en todo el tramo, condición que admite solamente una velocidad de circulación muy baja."))))) -> Curvas cerradas frecuentes y, por lo general, inconsistentes con el terreno y la clase de carretera. | BP20: 1 | BQ20: =IF(BP20=5,"Pendientes menores del 3% en todo el tramo.",IF(AND(BP20=4),"Pendientes generalmente menores del 3% pero con algunas cuestas de corta longitud de hasta el 5%.",IF(AND(BP20=3),"Pendientes generalmente entre 3 y 6%, pero con una rasante ondulada y, consecuentemente, con tramos cortos de subida fuerte.",IF(AND(BP20=2),"Pendientes sostenidas entre 5 y 8% sobre una buena parte del tramo, condición que afecta en forma marcada la velocidad de recorrido y, cuando hay bastante tránsito, provoca frecuentes colas de vehículos detrás de los vehículos pesados.",IF(AND(BP20=1),"Pendientes sostenidas en exceso del 7% en casi todo el tramo. "))))) -> Pendientes sostenidas en exceso del 7% en casi todo el tramo. | BR20: 1 | BS20: 0 | BT20: =IF(BS20=5,"Superficie de los espaldones firme y regular, y donde se puede utilizar el ancho como fue construido originalmente.",IF(AND(BS20=4),"Superficie generalmente firme y utilizable en todo tiempo, pero con algunos tramos cortos en que el ancho inicial ha sido reducido por erosión u otras causas.",IF(AND(BS20=3),"Superficie erosionada o con baches profundos sobre una buena parte de la subsección, de manera que se inhibe el uso de los espaldones en la debida forma en esa parte.",IF(AND(BS20=2),"Superficie erosionada o con baches profundos, o el ancho transitable de los espaldones reducido sustancialmente, en casi toda la subsección.",IF(AND(BS20=1),"Se encuentra un desnivel peligroso entre el borde del pavimento y el espaldón, o la superficie está muy erosionada, con baches profundos o material suelto, o el ancho muy reducido del original."))))) -> FALSE | BU20: 1 | BV20: =IF(BU20=5,"Las señales son completamente adecuadas en número y ubicación, ",IF(AND(BU20=4),"El señalamiento es bastante completo, faltando solamente algunas señales de guía para los usuarios que no conocen la ruta.",IF(AND(BU20=3),"El señalamiento es regular en cuanto a cantidad y ubicación, siendo notable la falta de algunas señales de precaución y de guía.",IF(AND(BU20=2),"Existen muy pocas señales",IF(AND(BU20=1),"No existen señales o son tan inadecuadas, que no proveen información útil al conductor."))))) -> No existen señales o son tan inadecuadas, que no proveen información útil al conductor. | BW20: 4 | BX20: =IF(BW20=5,"Todas las alcantarillas y cunetas están bastante limpias y funcionan debidamente.",IF(AND(BW20=4),"La mayoría de las alcantarillas y cunetas aparentemente funcionan bien, pero existen indicaciones en algunos sitios de que el agua se estanca.",IF(AND(BW20=3),"Parece que algunas alcantarillas o cunetas no tienen capacidad hidráulica suficiente, por la erosión o socavación aparente.",IF(AND(BW20=2),"Parece que la mayoría de las alcantarillas y cunetas son inadecuadas; o hay vados en varios sitios en vez de estructuras de drenaje.",IF(AND(BW20=1),"El agua escurre por la calzada durante períodos de lluvia sobre una buena parte de la sub-sección y no existen cunetas longitudinales definidas; las estructuras de drenaje no existen, o son completamente inadecuadas."))))) -> La mayoría de las alcantarillas y cunetas aparentemente funcionan bien, pero existen indicaciones en algunos sitios de que el agua se estanca. | BY20: 3 | BZ20: =IF(BY20=5,"Superficie lisa, sin baches ni irregularidades notables.",IF(AND(BY20=4),"Superficie generalmente lisa, pero con unas pequeñas corrugaciones u otras irregularidades aisladas, o con baches pequeños superficiales.",IF(AND(BY20=3),"Superficie con frecuentes baches o irregularidades .",IF(AND(BY20=2),"Superficie muy irregular o con baches extensos y frecuentes (o material suelto, en caso de superficies no pavimentadas).",IF(AND(BY20=1),"Superficie muy deteriorada o irregular (o material suelto), hasta tal grado, en casi todo el tramo."))))) -> Superficie con frecuentes baches o irregularidades . | CA20: 4 | CB20: =IF(CA20=5,"No existen evidencias de fallas en la estructura del pavimento, con la posible excepción de algunas en la superficie de ruedo.",IF(AND(CA20=4),"Existen huellas o corrugaciones que se derivan por debajo de la superficie de ruedo, pero que son aisladas y de poca extensión.",IF(AND(CA20=3),"Existen deformaciones u otras fallas de consideración sobre una buena parte de la subsección y, aunque no son extensas todavía, parece que siguen extendiéndose.",IF(AND(CA20=2),"Existen deformaciones u otras fallas de consideración sobre la mayor parte del tramo.",IF(AND(CA20=1),"Existen corrugaciones o huellas profundas sobre casi toda la faja de ruedo del tramo, hasta tal grado que no sería factible corregir la falla de la estructura, sino que se tendría que reconstruirla completamente."))))) -> Existen huellas o corrugaciones que se derivan por debajo de la superficie de ruedo, pero que son aisladas y de poca extensión. | CC20: =(K20*BM20)*365/1000000 -> 0.26978062 | CF20: *lectura km 18+000(fecha:martes 27/08/2013)(hora: 11:45 a 13:45)
B21: 10130 | C21: 1 | D21: 1 | E21: 17 | F21: 1 | G21: 226 | H21: =IF(G21<100,"Primaria",IF(AND(G21>39,G21<300),"Secundaria",IF(AND(G21>299),"Terciaria"))) -> Secundaria | I21: 3 | J21: =IF(I21=1,"Red de Alta Capacidad",IF(AND(I21=2),"Distribuidores Regionales",IF(AND(I21=3),"Conectores de Integración Territorial",IF(AND(I21=4),"Red Básica de Accesso")))) -> Conectores de Integración Territorial | K21: =P21+$T21+$X21+$AB21+$AG21+$AK21+$AW21+AO21+AS21 -> 15.415 | L21: =L20+K21 -> 32.13 | P21: =SUM(M21:O21) -> 0 | Q21: 9.96 | R21: 5.455 | T21: =SUM(Q21:S21) -> 15.415 | X21: =U21+V21+W21 -> 0 | AB21: =Y21+Z21+AA21 -> 0 | AC21: =T21+X21+AB21 -> 15.415 | AG21: =SUM(AD21:AF21) -> 0 | AK21: =SUM(AH21:AJ21) -> 0 | AO21: =SUM(AL21:AN21) -> 0 | AS21: =SUM(AP21:AR21) -> 0 | AW21: =SUM(AT21:AV21) -> 0 | AX21: La Guaria Del Empalme (Queb.Yugo)(Lte Cantonal)-El Llano De San Marcos Tarrazú(Cruce Vapor)(Lte Cantonal) | AY21: 07/13 | AZ21: 02/16 | BA21: 14.0-17.0 | BB21: 0 | BC21: 4 | BD21: =IF(BC21=1,"Llano (Pendientes naturales del terreno entre 0 y 5%)",IF(AND(BC21=2),"Algo Ondulado (Pendientes naturales del terreno entre 6 y 14%)",IF(AND(BC21=3),"Muy Ondulado (Pendientes naturales del terreno entre 15 y 25%)",IF(AND(BC21=4),"Montañoso (Pendientes naturales del terreno mayores a 25%)")))) -> Montañoso (Pendientes naturales del terreno mayores a 25%) | BE21: 1 | BF21: =VLOOKUP(BE21,'Códigos 2'!$A$1:$B$12,2,FALSE) -> Carpeta Asfáltica (CA) | BG21: 2 | BH21: 5.9 | BI21: 0 | BJ21: =IF(BI21=0,"No existe",IF(AND(BI21=1),"Pavimentado",IF(AND(BI21=2),"Mejorado",IF(AND(BI21=3),"Tierra")))) -> No existe | BK21: 0 | BL21: 40 | BM21: 1030 | BN21: 3 | BO21: =IF(BN21=5,"Alineamiento recto o con curvas tan suaves que no exigen una reducción significativa en la velocidad promedio normal de recorrido.",IF(AND(BN21=4),"Alineamiento con algunas curvas que exigen una reducción significativa en la velocidad promedio de circulación.",IF(AND(BN21=3),"Alineamiento algo sinuoso, pero con curvas cerradas que son aparentes y consistentes con las gradientes y las demás características del camino y del terreno que se atraviesa.",IF(AND(BN21=2),"Curvas cerradas frecuentes y, por lo general, inconsistentes con el terreno y la clase de carretera.",IF(AND(BN21=1),"Alineamiento muy sinuoso en todo el tramo, condición que admite solamente una velocidad de circulación muy baja."))))) -> Alineamiento algo sinuoso, pero con curvas cerradas que son aparentes y consistentes con las gradientes y las demás características del camino y del terreno que se atraviesa. | BP21: 1 | BQ21: =IF(BP21=5,"Pendientes menores del 3% en todo el tramo.",IF(AND(BP21=4),"Pendientes generalmente menores del 3% pero con algunas cuestas de corta longitud de hasta el 5%.",IF(AND(BP21=3),"Pendientes generalmente entre 3 y 6%, pero con una rasante ondulada y, consecuentemente, con tramos cortos de subida fuerte.",IF(AND(BP21=2),"Pendientes sostenidas entre 5 y 8% sobre una buena parte del tramo, condición que afecta en forma marcada la velocidad de recorrido y, cuando hay bastante tránsito, provoca frecuentes colas de vehículos detrás de los vehículos pesados.",IF(AND(BP21=1),"Pendientes sostenidas en exceso del 7% en casi todo el tramo. "))))) -> Pendientes sostenidas en exceso del 7% en casi todo el tramo. | BR21: 1 | BS21: 0 | BT21: =IF(BS21=5,"Superficie de los espaldones firme y regular, y donde se puede utilizar el ancho como fue construido originalmente.",IF(AND(BS21=4),"Superficie generalmente firme y utilizable en todo tiempo, pero con algunos tramos cortos en que el ancho inicial ha sido reducido por erosión u otras causas.",IF(AND(BS21=3),"Superficie erosionada o con baches profundos sobre una buena parte de la subsección, de manera que se inhibe el uso de los espaldones en la debida forma en esa parte.",IF(AND(BS21=2),"Superficie erosionada o con baches profundos, o el ancho transitable de los espaldones reducido sustancialmente, en casi toda la subsección.",IF(AND(BS21=1),"Se encuentra un desnivel peligroso entre el borde del pavimento y el espaldón, o la superficie está muy erosionada, con baches profundos o material suelto, o el ancho muy reducido del original."))))) -> FALSE | BU21: 5 | BV21: =IF(BU21=5,"Las señales son completamente adecuadas en número y ubicación, ",IF(AND(BU21=4),"El señalamiento es bastante completo, faltando solamente algunas señales de guía para los usuarios que no conocen la ruta.",IF(AND(BU21=3),"El señalamiento es regular en cuanto a cantidad y ubicación, siendo notable la falta de algunas señales de precaución y de guía.",IF(AND(BU21=2),"Existen muy pocas señales",IF(AND(BU21=1),"No existen señales o son tan inadecuadas, que no proveen información útil al conductor."))))) -> Las señales son completamente adecuadas en número y ubicación, | BW21: 5 | BX21: =IF(BW21=5,"Todas las alcantarillas y cunetas están bastante limpias y funcionan debidamente.",IF(AND(BW21=4),"La mayoría de las alcantarillas y cunetas aparentemente funcionan bien, pero existen indicaciones en algunos sitios de que el agua se estanca.",IF(AND(BW21=3),"Parece que algunas alcantarillas o cunetas no tienen capacidad hidráulica suficiente, por la erosión o socavación aparente.",IF(AND(BW21=2),"Parece que la mayoría de las alcantarillas y cunetas son inadecuadas; o hay vados en varios sitios en vez de estructuras de drenaje.",IF(AND(BW21=1),"El agua escurre por la calzada durante períodos de lluvia sobre una buena parte de la sub-sección y no existen cunetas longitudinales definidas; las estructuras de drenaje no existen, o son completamente inadecuadas."))))) -> Todas las alcantarillas y cunetas están bastante limpias y funcionan debidamente. | BY21: 4 | BZ21: =IF(BY21=5,"Superficie lisa, sin baches ni irregularidades notables.",IF(AND(BY21=4),"Superficie generalmente lisa, pero con unas pequeñas corrugaciones u otras irregularidades aisladas, o con baches pequeños superficiales.",IF(AND(BY21=3),"Superficie con frecuentes baches o irregularidades .",IF(AND(BY21=2),"Superficie muy irregular o con baches extensos y frecuentes (o material suelto, en caso de superficies no pavimentadas).",IF(AND(BY21=1),"Superficie muy deteriorada o irregular (o material suelto), hasta tal grado, en casi todo el tramo."))))) -> Superficie generalmente lisa, pero con unas pequeñas corrugaciones u otras irregularidades aisladas, o con baches pequeños superficiales. | CA21: 5 | CB21: =IF(CA21=5,"No existen evidencias de fallas en la estructura del pavimento, con la posible excepción de algunas en la superficie de ruedo.",IF(AND(CA21=4),"Existen huellas o corrugaciones que se derivan por debajo de la superficie de ruedo, pero que son aisladas y de poca extensión.",IF(AND(CA21=3),"Existen deformaciones u otras fallas de consideración sobre una buena parte de la subsección y, aunque no son extensas todavía, parece que siguen extendiéndose.",IF(AND(CA21=2),"Existen deformaciones u otras fallas de consideración sobre la mayor parte del tramo.",IF(AND(CA21=1),"Existen corrugaciones o huellas profundas sobre casi toda la faja de ruedo del tramo, hasta tal grado que no sería factible corregir la falla de la estructura, sino que se tendría que reconstruirla completamente."))))) -> No existen evidencias de fallas en la estructura del pavimento, con la posible excepción de algunas en la superficie de ruedo. | CC21: =(K21*BM21)*365/1000000 -> 5.7952692 | CF21: *alcantarilla rio parrita chiquito(fecha: miercoles 24/07/2013)(hora: 11:00 a 12:00)
B22: 10141 | C22: 1 | D22: 1 | E22: 5 | F22: 1 | G22: 226 | H22: =IF(G22<100,"Primaria",IF(AND(G22>39,G22<300),"Secundaria",IF(AND(G22>299),"Terciaria"))) -> Secundaria | I22: 3 | J22: =IF(I22=1,"Red de Alta Capacidad",IF(AND(I22=2),"Distribuidores Regionales",IF(AND(I22=3),"Conectores de Integración Territorial",IF(AND(I22=4),"Red Básica de Accesso")))) -> Conectores de Integración Territorial | K22: =P22+$T22+$X22+$AB22+$AG22+$AK22+$AW22+AO22+AS22 -> 3.915 | L22: =L21+K22 -> 36.045 | P22: =SUM(M22:O22) -> 0 | Q22: 3.915 | T22: =SUM(Q22:S22) -> 3.915 | X22: =U22+V22+W22 -> 0 | AB22: =Y22+Z22+AA22 -> 0 | AC22: =T22+X22+AB22 -> 3.915 | AG22: =SUM(AD22:AF22) -> 0 | AK22: =SUM(AH22:AJ22) -> 0 | AO22: =SUM(AL22:AN22) -> 0 | AS22: =SUM(AP22:AR22) -> 0 | AW22: =SUM(AT22:AV22) -> 0 | AX22: El Llano De San Marcos Tarrazú(Cruce El Vapor)(Lte Cantonal)-San Marcos De Tarrazu(R.303) | AY22: 07/13 | AZ22: 02/16 | BA22: 14.0-17.0 | BB22: 1 | BC22: 4 | BD22: =IF(BC22=1,"Llano (Pendientes naturales del terreno entre 0 y 5%)",IF(AND(BC22=2),"Algo Ondulado (Pendientes naturales del terreno entre 6 y 14%)",IF(AND(BC22=3),"Muy Ondulado (Pendientes naturales del terreno entre 15 y 25%)",IF(AND(BC22=4),"Montañoso (Pendientes naturales del terreno mayores a 25%)")))) -> Montañoso (Pendientes naturales del terreno mayores a 25%) | BE22: 1 | BF22: =VLOOKUP(BE22,'Códigos 2'!$A$1:$B$12,2,FALSE) -> Carpeta Asfáltica (CA) | BG22: 2 | BH22: 6.3 | BI22: 0 | BJ22: =IF(BI22=0,"No existe",IF(AND(BI22=1),"Pavimentado",IF(AND(BI22=2),"Mejorado",IF(AND(BI22=3),"Tierra")))) -> No existe | BK22: 0 | BL22: 50 | BM22: 3305 | BN22: 3 | BO22: =IF(BN22=5,"Alineamiento recto o con curvas tan suaves que no exigen una reducción significativa en la velocidad promedio normal de recorrido.",IF(AND(BN22=4),"Alineamiento con algunas curvas que exigen una reducción significativa en la velocidad promedio de circulación.",IF(AND(BN22=3),"Alineamiento algo sinuoso, pero con curvas cerradas que son aparentes y consistentes con las gradientes y las demás características del camino y del terreno que se atraviesa.",IF(AND(BN22=2),"Curvas cerradas frecuentes y, por lo general, inconsistentes con el terreno y la clase de carretera.",IF(AND(BN22=1),"Alineamiento muy sinuoso en todo el tramo, condición que admite solamente una velocidad de circulación muy baja."))))) -> Alineamiento algo sinuoso, pero con curvas cerradas que son aparentes y consistentes con las gradientes y las demás características del camino y del terreno que se atraviesa. | BP22: 2 | BQ22: =IF(BP22=5,"Pendientes menores del 3% en todo el tramo.",IF(AND(BP22=4),"Pendientes generalmente menores del 3% pero con algunas cuestas de corta longitud de hasta el 5%.",IF(AND(BP22=3),"Pendientes generalmente entre 3 y 6%, pero con una rasante ondulada y, consecuentemente, con tramos cortos de subida fuerte.",IF(AND(BP22=2),"Pendientes sostenidas entre 5 y 8% sobre una buena parte del tramo, condición que afecta en forma marcada la velocidad de recorrido y, cuando hay bastante tránsito, provoca frecuentes colas de vehículos detrás de los vehículos pesados.",IF(AND(BP22=1),"Pendientes sostenidas en exceso del 7% en casi todo el tramo. "))))) -> Pendientes sostenidas entre 5 y 8% sobre una buena parte del tramo, condición que afecta en forma marcada la velocidad de recorrido y, cuando hay bastante tránsito, provoca frecuentes colas de vehículos detrás de los vehículos pesados. | BR22: 1 | BS22: 0 | BT22: =IF(BS22=5,"Superficie de los espaldones firme y regular, y donde se puede utilizar el ancho como fue construido originalmente.",IF(AND(BS22=4),"Superficie generalmente firme y utilizable en todo tiempo, pero con algunos tramos cortos en que el ancho inicial ha sido reducido por erosión u otras causas.",IF(AND(BS22=3),"Superficie erosionada o con baches profundos sobre una buena parte de la subsección, de manera que se inhibe el uso de los espaldones en la debida forma en esa parte.",IF(AND(BS22=2),"Superficie erosionada o con baches profundos, o el ancho transitable de los espaldones reducido sustancialmente, en casi toda la subsección.",IF(AND(BS22=1),"Se encuentra un desnivel peligroso entre el borde del pavimento y el espaldón, o la superficie está muy erosionada, con baches profundos o material suelto, o el ancho muy reducido del original."))))) -> FALSE | BU22: 2 | BV22: =IF(BU22=5,"Las señales son completamente adecuadas en número y ubicación, ",IF(AND(BU22=4),"El señalamiento es bastante completo, faltando solamente algunas señales de guía para los usuarios que no conocen la ruta.",IF(AND(BU22=3),"El señalamiento es regular en cuanto a cantidad y ubicación, siendo notable la falta de algunas señales de precaución y de guía.",IF(AND(BU22=2),"Existen muy pocas señales",IF(AND(BU22=1),"No existen señales o son tan inadecuadas, que no proveen información útil al conductor."))))) -> Existen muy pocas señales | BW22: 3 | BX22: =IF(BW22=5,"Todas las alcantarillas y cunetas están bastante limpias y funcionan debidamente.",IF(AND(BW22=4),"La mayoría de las alcantarillas y cunetas aparentemente funcionan bien, pero existen indicaciones en algunos sitios de que el agua se estanca.",IF(AND(BW22=3),"Parece que algunas alcantarillas o cunetas no tienen capacidad hidráulica suficiente, por la erosión o socavación aparente.",IF(AND(BW22=2),"Parece que la mayoría de las alcantarillas y cunetas son inadecuadas; o hay vados en varios sitios en vez de estructuras de drenaje.",IF(AND(BW22=1),"El agua escurre por la calzada durante períodos de lluvia sobre una buena parte de la sub-sección y no existen cunetas longitudinales definidas; las estructuras de drenaje no existen, o son completamente inadecuadas."))))) -> Parece que algunas alcantarillas o cunetas no tienen capacidad hidráulica suficiente, por la erosión o socavación aparente. | BY22: 4 | BZ22: =IF(BY22=5,"Superficie lisa, sin baches ni irregularidades notables.",IF(AND(BY22=4),"Superficie generalmente lisa, pero con unas pequeñas corrugaciones u otras irregularidades aisladas, o con baches pequeños superficiales.",IF(AND(BY22=3),"Superficie con frecuentes baches o irregularidades .",IF(AND(BY22=2),"Superficie muy irregular o con baches extensos y frecuentes (o material suelto, en caso de superficies no pavimentadas).",IF(AND(BY22=1),"Superficie muy deteriorada o irregular (o material suelto), hasta tal grado, en casi todo el tramo."))))) -> Superficie generalmente lisa, pero con unas pequeñas corrugaciones u otras irregularidades aisladas, o con baches pequeños superficiales. | CA22: 5 | CB22: =IF(CA22=5,"No existen evidencias de fallas en la estructura del pavimento, con la posible excepción de algunas en la superficie de ruedo.",IF(AND(CA22=4),"Existen huellas o corrugaciones que se derivan por debajo de la superficie de ruedo, pero que son aisladas y de poca extensión.",IF(AND(CA22=3),"Existen deformaciones u otras fallas de consideración sobre una buena parte de la subsección y, aunque no son extensas todavía, parece que siguen extendiéndose.",IF(AND(CA22=2),"Existen deformaciones u otras fallas de consideración sobre la mayor parte del tramo.",IF(AND(CA22=1),"Existen corrugaciones o huellas profundas sobre casi toda la faja de ruedo del tramo, hasta tal grado que no sería factible corregir la falla de la estructura, sino que se tendría que reconstruirla completamente."))))) -> No existen evidencias de fallas en la estructura del pavimento, con la posible excepción de algunas en la superficie de ruedo. | CC22: =(K22*BM22)*365/1000000 -> 4.7227624 | CD22: 705 | CE22: 07 | CF22: EL LLANO(FRENTE A LA PLAZA)
B23: 10142 | C23: 1 | D23: 1 | E23: 5 | F23: 1 | G23: 226 | H23: =IF(G23<100,"Primaria",IF(AND(G23>39,G23<300),"Secundaria",IF(AND(G23>299),"Terciaria"))) -> Secundaria | I23: 3 | J23: =IF(I23=1,"Red de Alta Capacidad",IF(AND(I23=2),"Distribuidores Regionales",IF(AND(I23=3),"Conectores de Integración Territorial",IF(AND(I23=4),"Red Básica de Accesso")))) -> Conectores de Integración Territorial | K23: =P23+$T23+$X23+$AB23+$AG23+$AK23+$AW23+AO23+AS23 -> 2.58 | L23: =L22+K23 -> 38.625 | P23: =SUM(M23:O23) -> 0 | R23: 0.185 | S23: 2.395 | T23: =SUM(Q23:S23) -> 2.58 | X23: =U23+V23+W23 -> 0 | AB23: =Y23+Z23+AA23 -> 0 | AC23: =T23+X23+AB23 -> 2.58 | AG23: =SUM(AD23:AF23) -> 0 | AK23: =SUM(AH23:AJ23) -> 0 | AO23: =SUM(AL23:AN23) -> 0 | AS23: =SUM(AP23:AR23) -> 0 | AW23: =SUM(AT23:AV23) -> 0 | AX23: San Marcos De Tarrazu(R.303)-San Pablo De León Cortés(Cruce Cedral) (Lte Cantonal) | AY23: 07/13 | AZ23: 02/16 | BA23: 14.0-21.6 | BB23: 0 | BC23: 3 | BD23: =IF(BC23=1,"Llano (Pendientes naturales del terreno entre 0 y 5%)",IF(AND(BC23=2),"Algo Ondulado (Pendientes naturales del terreno entre 6 y 14%)",IF(AND(BC23=3),"Muy Ondulado (Pendientes naturales del terreno entre 15 y 25%)",IF(AND(BC23=4),"Montañoso (Pendientes naturales del terreno mayores a 25%)")))) -> Muy Ondulado (Pendientes naturales del terreno entre 15 y 25%) | BE23: 1 | BF23: =VLOOKUP(BE23,'Códigos 2'!$A$1:$B$12,2,FALSE) -> Carpeta Asfáltica (CA) | BG23: 2 | BH23: 6.3 | BI23: 0 | BJ23: =IF(BI23=0,"No existe",IF(AND(BI23=1),"Pavimentado",IF(AND(BI23=2),"Mejorado",IF(AND(BI23=3),"Tierra")))) -> No existe | BK23: 0 | BL23: 40 | BM23: 4007 | BN23: 3 | BO23: =IF(BN23=5,"Alineamiento recto o con curvas tan suaves que no exigen una reducción significativa en la velocidad promedio normal de recorrido.",IF(AND(BN23=4),"Alineamiento con algunas curvas que exigen una reducción significativa en la velocidad promedio de circulación.",IF(AND(BN23=3),"Alineamiento algo sinuoso, pero con curvas cerradas que son aparentes y consistentes con las gradientes y las demás características del camino y del terreno que se atraviesa.",IF(AND(BN23=2),"Curvas cerradas frecuentes y, por lo general, inconsistentes con el terreno y la clase de carretera.",IF(AND(BN23=1),"Alineamiento muy sinuoso en todo el tramo, condición que admite solamente una velocidad de circulación muy baja."))))) -> Alineamiento algo sinuoso, pero con curvas cerradas que son aparentes y consistentes con las gradientes y las demás características del camino y del terreno que se atraviesa. | BP23: 2 | BQ23: =IF(BP23=5,"Pendientes menores del 3% en todo el tramo.",IF(AND(BP23=4),"Pendientes generalmente menores del 3% pero con algunas cuestas de corta longitud de hasta el 5%.",IF(AND(BP23=3),"Pendientes generalmente entre 3 y 6%, pero con una rasante ondulada y, consecuentemente, con tramos cortos de subida fuerte.",IF(AND(BP23=2),"Pendientes sostenidas entre 5 y 8% sobre una buena parte del tramo, condición que afecta en forma marcada la velocidad de recorrido y, cuando hay bastante tránsito, provoca frecuentes colas de vehículos detrás de los vehículos pesados.",IF(AND(BP23=1),"Pendientes sostenidas en exceso del 7% en casi todo el tramo. "))))) -> Pendientes sostenidas entre 5 y 8% sobre una buena parte del tramo, condición que afecta en forma marcada la velocidad de recorrido y, cuando hay bastante tránsito, provoca frecuentes colas de vehículos detrás de los vehículos pesados. | BR23: 1 | BS23: 0 | BT23: =IF(BS23=5,"Superficie de los espaldones firme y regular, y donde se puede utilizar el ancho como fue construido originalmente.",IF(AND(BS23=4),"Superficie generalmente firme y utilizable en todo tiempo, pero con algunos tramos cortos en que el ancho inicial ha sido reducido por erosión u otras causas.",IF(AND(BS23=3),"Superficie erosionada o con baches profundos sobre una buena parte de la subsección, de manera que se inhibe el uso de los espaldones en la debida forma en esa parte.",IF(AND(BS23=2),"Superficie erosionada o con baches profundos, o el ancho transitable de los espaldones reducido sustancialmente, en casi toda la subsección.",IF(AND(BS23=1),"Se encuentra un desnivel peligroso entre el borde del pavimento y el espaldón, o la superficie está muy erosionada, con baches profundos o material suelto, o el ancho muy reducido del original."))))) -> FALSE | BU23: 3 | BV23: =IF(BU23=5,"Las señales son completamente adecuadas en número y ubicación, ",IF(AND(BU23=4),"El señalamiento es bastante completo, faltando solamente algunas señales de guía para los usuarios que no conocen la ruta.",IF(AND(BU23=3),"El señalamiento es regular en cuanto a cantidad y ubicación, siendo notable la falta de algunas señales de precaución y de guía.",IF(AND(BU23=2),"Existen muy pocas señales",IF(AND(BU23=1),"No existen señales o son tan inadecuadas, que no proveen información útil al conductor."))))) -> El señalamiento es regular en cuanto a cantidad y ubicación, siendo notable la falta de algunas señales de precaución y de guía. | BW23: 4 | BX23: =IF(BW23=5,"Todas las alcantarillas y cunetas están bastante limpias y funcionan debidamente.",IF(AND(BW23=4),"La mayoría de las alcantarillas y cunetas aparentemente funcionan bien, pero existen indicaciones en algunos sitios de que el agua se estanca.",IF(AND(BW23=3),"Parece que algunas alcantarillas o cunetas no tienen capacidad hidráulica suficiente, por la erosión o socavación aparente.",IF(AND(BW23=2),"Parece que la mayoría de las alcantarillas y cunetas son inadecuadas; o hay vados en varios sitios en vez de estructuras de drenaje.",IF(AND(BW23=1),"El agua escurre por la calzada durante períodos de lluvia sobre una buena parte de la sub-sección y no existen cunetas longitudinales definidas; las estructuras de drenaje no existen, o son completamente inadecuadas."))))) -> La mayoría de las alcantarillas y cunetas aparentemente funcionan bien, pero existen indicaciones en algunos sitios de que el agua se estanca. | BY23: 2 | BZ23: =IF(BY23=5,"Superficie lisa, sin baches ni irregularidades notables.",IF(AND(BY23=4),"Superficie generalmente lisa, pero con unas pequeñas corrugaciones u otras irregularidades aisladas, o con baches pequeños superficiales.",IF(AND(BY23=3),"Superficie con frecuentes baches o irregularidades .",IF(AND(BY23=2),"Superficie muy irregular o con baches extensos y frecuentes (o material suelto, en caso de superficies no pavimentadas).",IF(AND(BY23=1),"Superficie muy deteriorada o irregular (o material suelto), hasta tal grado, en casi todo el tramo."))))) -> Superficie muy irregular o con baches extensos y frecuentes (o material suelto, en caso de superficies no pavimentadas). | CA23: 5 | CB23: =IF(CA23=5,"No existen evidencias de fallas en la estructura del pavimento, con la posible excepción de algunas en la superficie de ruedo.",IF(AND(CA23=4),"Existen huellas o corrugaciones que se derivan por debajo de la superficie de ruedo, pero que son aisladas y de poca extensión.",IF(AND(CA23=3),"Existen deformaciones u otras fallas de consideración sobre una buena parte de la subsección y, aunque no son extensas todavía, parece que siguen extendiéndose.",IF(AND(CA23=2),"Existen deformaciones u otras fallas de consideración sobre la mayor parte del tramo.",IF(AND(CA23=1),"Existen corrugaciones o huellas profundas sobre casi toda la faja de ruedo del tramo, hasta tal grado que no sería factible corregir la falla de la estructura, sino que se tendría que reconstruirla completamente."))))) -> No existen evidencias de fallas en la estructura del pavimento, con la posible excepción de algunas en la superficie de ruedo. | CC23: =(K23*BM23)*365/1000000 -> 3.7733919 | CD23: 727 | CE23: 07 | CF23: SAN MARCOS DE TARRAZU(FRENTE AL COLEGIO)
B24: 10151 | C24: 1 | D24: 1 | E24: 20 | F24: 1 | G24: 226 | H24: =IF(G24<100,"Primaria",IF(AND(G24>39,G24<300),"Secundaria",IF(AND(G24>299),"Terciaria"))) -> Secundaria | I24: 3 | J24: =IF(I24=1,"Red de Alta Capacidad",IF(AND(I24=2),"Distribuidores Regionales",IF(AND(I24=3),"Conectores de Integración Territorial",IF(AND(I24=4),"Red Básica de Accesso")))) -> Conectores de Integración Territorial | K24: =P24+$T24+$X24+$AB24+$AG24+$AK24+$AW24+AO24+AS24 -> 1.25 | L24: =L23+K24 -> 39.875 | P24: =SUM(M24:O24) -> 0 | R24: 1.25 | T24: =SUM(Q24:S24) -> 1.25 | X24: =U24+V24+W24 -> 0 | AB24: =Y24+Z24+AA24 -> 0 | AC24: =T24+X24+AB24 -> 1.25 | AG24: =SUM(AD24:AF24) -> 0 | AK24: =SUM(AH24:AJ24) -> 0 | AO24: =SUM(AL24:AN24) -> 0 | AS24: =SUM(AP24:AR24) -> 0 | AW24: =SUM(AT24:AV24) -> 0 | AX24: San Pablo León Cortés(Cruce Cedral)(Lte Cantonal)-San Pablo De Leon Cortes(Cruce Iglesia) | AY24: 07/13 | AZ24: 02/16 | BA24: 14.0-20.0 | BB24: 0 | BC24: 3 | BD24: =IF(BC24=1,"Llano (Pendientes naturales del terreno entre 0 y 5%)",IF(AND(BC24=2),"Algo Ondulado (Pendientes naturales del terreno entre 6 y 14%)",IF(AND(BC24=3),"Muy Ondulado (Pendientes naturales del terreno entre 15 y 25%)",IF(AND(BC24=4),"Montañoso (Pendientes naturales del terreno mayores a 25%)")))) -> Muy Ondulado (Pendientes naturales del terreno entre 15 y 25%) | BE24: 1 | BF24: =VLOOKUP(BE24,'Códigos 2'!$A$1:$B$12,2,FALSE) -> Carpeta Asfáltica (CA) | BG24: 2 | BH24: 6.3 | BI24: 0 | BJ24: =IF(BI24=0,"No existe",IF(AND(BI24=1),"Pavimentado",IF(AND(BI24=2),"Mejorado",IF(AND(BI24=3),"Tierra")))) -> No existe | BK24: 0 | BL24: 40 | BM24: 4007 | BN24: 3 | BO24: =IF(BN24=5,"Alineamiento recto o con curvas tan suaves que no exigen una reducción significativa en la velocidad promedio normal de recorrido.",IF(AND(BN24=4),"Alineamiento con algunas curvas que exigen una reducción significativa en la velocidad promedio de circulación.",IF(AND(BN24=3),"Alineamiento algo sinuoso, pero con curvas cerradas que son aparentes y consistentes con las gradientes y las demás características del camino y del terreno que se atraviesa.",IF(AND(BN24=2),"Curvas cerradas frecuentes y, por lo general, inconsistentes con el terreno y la clase de carretera.",IF(AND(BN24=1),"Alineamiento muy sinuoso en todo el tramo, condición que admite solamente una velocidad de circulación muy baja."))))) -> Alineamiento algo sinuoso, pero con curvas cerradas que son aparentes y consistentes con las gradientes y las demás características del camino y del terreno que se atraviesa. | BP24: 1 | BQ24: =IF(BP24=5,"Pendientes menores del 3% en todo el tramo.",IF(AND(BP24=4),"Pendientes generalmente menores del 3% pero con algunas cuestas de corta longitud de hasta el 5%.",IF(AND(BP24=3),"Pendientes generalmente entre 3 y 6%, pero con una rasante ondulada y, consecuentemente, con tramos cortos de subida fuerte.",IF(AND(BP24=2),"Pendientes sostenidas entre 5 y 8% sobre una buena parte del tramo, condición que afecta en forma marcada la velocidad de recorrido y, cuando hay bastante tránsito, provoca frecuentes colas de vehículos detrás de los vehículos pesados.",IF(AND(BP24=1),"Pendientes sostenidas en exceso del 7% en casi todo el tramo. "))))) -> Pendientes sostenidas en exceso del 7% en casi todo el tramo. | BR24: 1 | BS24: 0 | BT24: =IF(BS24=5,"Superficie de los espaldones firme y regular, y donde se puede utilizar el ancho como fue construido originalmente.",IF(AND(BS24=4),"Superficie generalmente firme y utilizable en todo tiempo, pero con algunos tramos cortos en que el ancho inicial ha sido reducido por erosión u otras causas.",IF(AND(BS24=3),"Superficie erosionada o con baches profundos sobre una buena parte de la subsección, de manera que se inhibe el uso de los espaldones en la debida forma en esa parte.",IF(AND(BS24=2),"Superficie erosionada o con baches profundos, o el ancho transitable de los espaldones reducido sustancialmente, en casi toda la subsección.",IF(AND(BS24=1),"Se encuentra un desnivel peligroso entre el borde del pavimento y el espaldón, o la superficie está muy erosionada, con baches profundos o material suelto, o el ancho muy reducido del original."))))) -> FALSE | BU24: 3 | BV24: =IF(BU24=5,"Las señales son completamente adecuadas en número y ubicación, ",IF(AND(BU24=4),"El señalamiento es bastante completo, faltando solamente algunas señales de guía para los usuarios que no conocen la ruta.",IF(AND(BU24=3),"El señalamiento es regular en cuanto a cantidad y ubicación, siendo notable la falta de algunas señales de precaución y de guía.",IF(AND(BU24=2),"Existen muy pocas señales",IF(AND(BU24=1),"No existen señales o son tan inadecuadas, que no proveen información útil al conductor."))))) -> El señalamiento es regular en cuanto a cantidad y ubicación, siendo notable la falta de algunas señales de precaución y de guía. | BW24: 3 | BX24: =IF(BW24=5,"Todas las alcantarillas y cunetas están bastante limpias y funcionan debidamente.",IF(AND(BW24=4),"La mayoría de las alcantarillas y cunetas aparentemente funcionan bien, pero existen indicaciones en algunos sitios de que el agua se estanca.",IF(AND(BW24=3),"Parece que algunas alcantarillas o cunetas no tienen capacidad hidráulica suficiente, por la erosión o socavación aparente.",IF(AND(BW24=2),"Parece que la mayoría de las alcantarillas y cunetas son inadecuadas; o hay vados en varios sitios en vez de estructuras de drenaje.",IF(AND(BW24=1),"El agua escurre por la calzada durante períodos de lluvia sobre una buena parte de la sub-sección y no existen cunetas longitudinales definidas; las estructuras de drenaje no existen, o son completamente inadecuadas."))))) -> Parece que algunas alcantarillas o cunetas no tienen capacidad hidráulica suficiente, por la erosión o socavación aparente. | BY24: 2 | BZ24: =IF(BY24=5,"Superficie lisa, sin baches ni irregularidades notables.",IF(AND(BY24=4),"Superficie generalmente lisa, pero con unas pequeñas corrugaciones u otras irregularidades aisladas, o con baches pequeños superficiales.",IF(AND(BY24=3),"Superficie con frecuentes baches o irregularidades .",IF(AND(BY24=2),"Superficie muy irregular o con baches extensos y frecuentes (o material suelto, en caso de superficies no pavimentadas).",IF(AND(BY24=1),"Superficie muy deteriorada o irregular (o material suelto), hasta tal grado, en casi todo el tramo."))))) -> Superficie muy irregular o con baches extensos y frecuentes (o material suelto, en caso de superficies no pavimentadas). | CA24: 4 | CB24: =IF(CA24=5,"No existen evidencias de fallas en la estructura del pavimento, con la posible excepción de algunas en la superficie de ruedo.",IF(AND(CA24=4),"Existen huellas o corrugaciones que se derivan por debajo de la superficie de ruedo, pero que son aisladas y de poca extensión.",IF(AND(CA24=3),"Existen deformaciones u otras fallas de consideración sobre una buena parte de la subsección y, aunque no son extensas todavía, parece que siguen extendiéndose.",IF(AND(CA24=2),"Existen deformaciones u otras fallas de consideración sobre la mayor parte del tramo.",IF(AND(CA24=1),"Existen corrugaciones o huellas profundas sobre casi toda la faja de ruedo del tramo, hasta tal grado que no sería factible corregir la falla de la estructura, sino que se tendría que reconstruirla completamente."))))) -> Existen huellas o corrugaciones que se derivan por debajo de la superficie de ruedo, pero que son aisladas y de poca extensión. | CC24: =(K24*BM24)*365/1000000 -> 1.8281938
B25: 10152 | C25: 1 | D25: 1 | E25: 20 | F25: 1 | G25: 226 | H25: =IF(G25<100,"Primaria",IF(AND(G25>39,G25<300),"Secundaria",IF(AND(G25>299),"Terciaria"))) -> Secundaria | I25: 3 | J25: =IF(I25=1,"Red de Alta Capacidad",IF(AND(I25=2),"Distribuidores Regionales",IF(AND(I25=3),"Conectores de Integración Territorial",IF(AND(I25=4),"Red Básica de Accesso")))) -> Conectores de Integración Territorial | K25: =P25+$T25+$X25+$AB25+$AG25+$AK25+$AW25+AO25+AS25 -> 15.35 | L25: =L24+K25 -> 55.225 | P25: =SUM(M25:O25) -> 0 | Q25: 12.885 | R25: 1.715 | T25: =SUM(Q25:S25) -> 14.6 | W25: 0.75 | X25: =U25+V25+W25 -> 0.75 | AB25: =Y25+Z25+AA25 -> 0 | AC25: =T25+X25+AB25 -> 15.35 | AG25: =SUM(AD25:AF25) -> 0 | AK25: =SUM(AH25:AJ25) -> 0 | AO25: =SUM(AL25:AN25) -> 0 | AS25: =SUM(AP25:AR25) -> 0 | AW25: =SUM(AT25:AV25) -> 0 | AX25: San Pablo De Leon Cortes(Cruce Iglesia)-Santa Cruz (Río Tarrazu)(Lte Cantonal) | AY25: 07/13 | AZ25: 02/16 | BA25: 14.0-18.0 | BB25: 0 | BC25: 4 | BD25: =IF(BC25=1,"Llano (Pendientes naturales del terreno entre 0 y 5%)",IF(AND(BC25=2),"Algo Ondulado (Pendientes naturales del terreno entre 6 y 14%)",IF(AND(BC25=3),"Muy Ondulado (Pendientes naturales del terreno entre 15 y 25%)",IF(AND(BC25=4),"Montañoso (Pendientes naturales del terreno mayores a 25%)")))) -> Montañoso (Pendientes naturales del terreno mayores a 25%) | BE25: 1 | BF25: =VLOOKUP(BE25,'Códigos 2'!$A$1:$B$12,2,FALSE) -> Carpeta Asfáltica (CA) | BG25: 2 | BH25: 7.5 | BI25: 0 | BJ25: =IF(BI25=0,"No existe",IF(AND(BI25=1),"Pavimentado",IF(AND(BI25=2),"Mejorado",IF(AND(BI25=3),"Tierra")))) -> No existe | BK25: 0 | BL25: 40 | BM25: 2617 | BN25: 3 | BO25: =IF(BN25=5,"Alineamiento recto o con curvas tan suaves que no exigen una reducción significativa en la velocidad promedio normal de recorrido.",IF(AND(BN25=4),"Alineamiento con algunas curvas que exigen una reducción significativa en la velocidad promedio de circulación.",IF(AND(BN25=3),"Alineamiento algo sinuoso, pero con curvas cerradas que son aparentes y consistentes con las gradientes y las demás características del camino y del terreno que se atraviesa.",IF(AND(BN25=2),"Curvas cerradas frecuentes y, por lo general, inconsistentes con el terreno y la clase de carretera.",IF(AND(BN25=1),"Alineamiento muy sinuoso en todo el tramo, condición que admite solamente una velocidad de circulación muy baja."))))) -> Alineamiento algo sinuoso, pero con curvas cerradas que son aparentes y consistentes con las gradientes y las demás características del camino y del terreno que se atraviesa. | BP25: 1 | BQ25: =IF(BP25=5,"Pendientes menores del 3% en todo el tramo.",IF(AND(BP25=4),"Pendientes generalmente menores del 3% pero con algunas cuestas de corta longitud de hasta el 5%.",IF(AND(BP25=3),"Pendientes generalmente entre 3 y 6%, pero con una rasante ondulada y, consecuentemente, con tramos cortos de subida fuerte.",IF(AND(BP25=2),"Pendientes sostenidas entre 5 y 8% sobre una buena parte del tramo, condición que afecta en forma marcada la velocidad de recorrido y, cuando hay bastante tránsito, provoca frecuentes colas de vehículos detrás de los vehículos pesados.",IF(AND(BP25=1),"Pendientes sostenidas en exceso del 7% en casi todo el tramo. "))))) -> Pendientes sostenidas en exceso del 7% en casi todo el tramo. | BR25: 1 | BS25: 0 | BT25: =IF(BS25=5,"Superficie de los espaldones firme y regular, y donde se puede utilizar el ancho como fue construido originalmente.",IF(AND(BS25=4),"Superficie generalmente firme y utilizable en todo tiempo, pero con algunos tramos cortos en que el ancho inicial ha sido reducido por erosión u otras causas.",IF(AND(BS25=3),"Superficie erosionada o con baches profundos sobre una buena parte de la subsección, de manera que se inhibe el uso de los espaldones en la debida forma en esa parte.",IF(AND(BS25=2),"Superficie erosionada o con baches profundos, o el ancho transitable de los espaldones reducido sustancialmente, en casi toda la subsección.",IF(AND(BS25=1),"Se encuentra un desnivel peligroso entre el borde del pavimento y el espaldón, o la superficie está muy erosionada, con baches profundos o material suelto, o el ancho muy reducido del original."))))) -> FALSE | BU25: 3 | BV25: =IF(BU25=5,"Las señales son completamente adecuadas en número y ubicación, ",IF(AND(BU25=4),"El señalamiento es bastante completo, faltando solamente algunas señales de guía para los usuarios que no conocen la ruta.",IF(AND(BU25=3),"El señalamiento es regular en cuanto a cantidad y ubicación, siendo notable la falta de algunas señales de precaución y de guía.",IF(AND(BU25=2),"Existen muy pocas señales",IF(AND(BU25=1),"No existen señales o son tan inadecuadas, que no proveen información útil al conductor."))))) -> El señalamiento es regular en cuanto a cantidad y ubicación, siendo notable la falta de algunas señales de precaución y de guía. | BW25: 4 | BX25: =IF(BW25=5,"Todas las alcantarillas y cunetas están bastante limpias y funcionan debidamente.",IF(AND(BW25=4),"La mayoría de las alcantarillas y cunetas aparentemente funcionan bien, pero existen indicaciones en algunos sitios de que el agua se estanca.",IF(AND(BW25=3),"Parece que algunas alcantarillas o cunetas no tienen capacidad hidráulica suficiente, por la erosión o socavación aparente.",IF(AND(BW25=2),"Parece que la mayoría de las alcantarillas y cunetas son inadecuadas; o hay vados en varios sitios en vez de estructuras de drenaje.",IF(AND(BW25=1),"El agua escurre por la calzada durante períodos de lluvia sobre una buena parte de la sub-sección y no existen cunetas longitudinales definidas; las estructuras de drenaje no existen, o son completamente inadecuadas."))))) -> La mayoría de las alcantarillas y cunetas aparentemente funcionan bien, pero existen indicaciones en algunos sitios de que el agua se estanca. | BY25: 5 | BZ25: =IF(BY25=5,"Superficie lisa, sin baches ni irregularidades notables.",IF(AND(BY25=4),"Superficie generalmente lisa, pero con unas pequeñas corrugaciones u otras irregularidades aisladas, o con baches pequeños superficiales.",IF(AND(BY25=3),"Superficie con frecuentes baches o irregularidades .",IF(AND(BY25=2),"Superficie muy irregular o con baches extensos y frecuentes (o material suelto, en caso de superficies no pavimentadas).",IF(AND(BY25=1),"Superficie muy deteriorada o irregular (o material suelto), hasta tal grado, en casi todo el tramo."))))) -> Superficie lisa, sin baches ni irregularidades notables. | CA25: 5 | CB25: =IF(CA25=5,"No existen evidencias de fallas en la estructura del pavimento, con la posible excepción de algunas en la superficie de ruedo.",IF(AND(CA25=4),"Existen huellas o corrugaciones que se derivan por debajo de la superficie de ruedo, pero que son aisladas y de poca extensión.",IF(AND(CA25=3),"Existen deformaciones u otras fallas de consideración sobre una buena parte de la subsección y, aunque no son extensas todavía, parece que siguen extendiéndose.",IF(AND(CA25=2),"Existen deformaciones u otras fallas de consideración sobre la mayor parte del tramo.",IF(AND(CA25=1),"Existen corrugaciones o huellas profundas sobre casi toda la faja de ruedo del tramo, hasta tal grado que no sería factible corregir la falla de la estructura, sino que se tendría que reconstruirla completamente."))))) -> No existen evidencias de fallas en la estructura del pavimento, con la posible excepción de algunas en la superficie de ruedo. | CC25: =(K25*BM25)*365/1000000 -> 14.662397 | CD25: 105 | CE25: 07 | CF25: SAN PABLO,LEON CORTES(1+000 KM DESPUES ULTIMO CUADRANTE)
B26: 10160 | C26: 1 | D26: 1 | E26: 16 | F26: 1 | G26: 137 | H26: =IF(G26<100,"Primaria",IF(AND(G26>39,G26<300),"Secundaria",IF(AND(G26>299),"Terciaria"))) -> Secundaria | I26: 3 | J26: =IF(I26=1,"Red de Alta Capacidad",IF(AND(I26=2),"Distribuidores Regionales",IF(AND(I26=3),"Conectores de Integración Territorial",IF(AND(I26=4),"Red Básica de Accesso")))) -> Conectores de Integración Territorial | K26: =P26+$T26+$X26+$AB26+$AG26+$AK26+$AW26+AO26+AS26 -> 2.805 | L26: =L25+K26 -> 58.03 | P26: =SUM(M26:O26) -> 0 | Q26: 2.805 | T26: =SUM(Q26:S26) -> 2.805 | X26: =U26+V26+W26 -> 0 | AB26: =Y26+Z26+AA26 -> 0 | AC26: =T26+X26+AB26 -> 2.805 | AG26: =SUM(AD26:AF26) -> 0 | AK26: =SUM(AH26:AJ26) -> 0 | AO26: =SUM(AL26:AN26) -> 0 | AS26: =SUM(AP26:AR26) -> 0 | AW26: =SUM(AT26:AV26) -> 0 | AX26: San Pablo De Turrubares(R.707)-San Pedro De Turrubares (R.319) | AY26: 09/08 | AZ26: 03/16 | BA26: 12,00 - 14,00 | BB26: 0 | BC26: 3 | BD26: =IF(BC26=1,"Llano (Pendientes naturales del terreno entre 0 y 5%)",IF(AND(BC26=2),"Algo Ondulado (Pendientes naturales del terreno entre 6 y 14%)",IF(AND(BC26=3),"Muy Ondulado (Pendientes naturales del terreno entre 15 y 25%)",IF(AND(BC26=4),"Montañoso (Pendientes naturales del terreno mayores a 25%)")))) -> Muy Ondulado (Pendientes naturales del terreno entre 15 y 25%) | BE26: 1 | BF26: =VLOOKUP(BE26,'Códigos 2'!$A$1:$B$12,2,FALSE) -> Carpeta Asfáltica (CA) | BG26: 2 | BH26: 5.5 | BI26: 0 | BJ26: =IF(BI26=0,"No existe",IF(AND(BI26=1),"Pavimentado",IF(AND(BI26=2),"Mejorado",IF(AND(BI26=3),"Tierra")))) -> No existe | BK26: 0 | BL26: 35 | BN26: 3 | BO26: =IF(BN26=5,"Alineamiento recto o con curvas tan suaves que no exigen una reducción significativa en la velocidad promedio normal de recorrido.",IF(AND(BN26=4),"Alineamiento con algunas curvas que exigen una reducción significativa en la velocidad promedio de circulación.",IF(AND(BN26=3),"Alineamiento algo sinuoso, pero con curvas cerradas que son aparentes y consistentes con las gradientes y las demás características del camino y del terreno que se atraviesa.",IF(AND(BN26=2),"Curvas cerradas frecuentes y, por lo general, inconsistentes con el terreno y la clase de carretera.",IF(AND(BN26=1),"Alineamiento muy sinuoso en todo el tramo, condición que admite solamente una velocidad de circulación muy baja."))))) -> Alineamiento algo sinuoso, pero con curvas cerradas que son aparentes y consistentes con las gradientes y las demás características del camino y del terreno que se atraviesa. | BP26: 2 | BQ26: =IF(BP26=5,"Pendientes menores del 3% en todo el tramo.",IF(AND(BP26=4),"Pendientes generalmente menores del 3% pero con algunas cuestas de corta longitud de hasta el 5%.",IF(AND(BP26=3),"Pendientes generalmente entre 3 y 6%, pero con una rasante ondulada y, consecuentemente, con tramos cortos de subida fuerte.",IF(AND(BP26=2),"Pendientes sostenidas entre 5 y 8% sobre una buena parte del tramo, condición que afecta en forma marcada la velocidad de recorrido y, cuando hay bastante tránsito, provoca frecuentes colas de vehículos detrás de los vehículos pesados.",IF(AND(BP26=1),"Pendientes sostenidas en exceso del 7% en casi todo el tramo. "))))) -> Pendientes sostenidas entre 5 y 8% sobre una buena parte del tramo, condición que afecta en forma marcada la velocidad de recorrido y, cuando hay bastante tránsito, provoca frecuentes colas de vehículos detrás de los vehículos pesados. | BR26: 1 | BS26: 0 | BT26: =IF(BS26=5,"Superficie de los espaldones firme y regular, y donde se puede utilizar el ancho como fue construido originalmente.",IF(AND(BS26=4),"Superficie generalmente firme y utilizable en todo tiempo, pero con algunos tramos cortos en que el ancho inicial ha sido reducido por erosión u otras causas.",IF(AND(BS26=3),"Superficie erosionada o con baches profundos sobre una buena parte de la subsección, de manera que se inhibe el uso de los espaldones en la debida forma en esa parte.",IF(AND(BS26=2),"Superficie erosionada o con baches profundos, o el ancho transitable de los espaldones reducido sustancialmente, en casi toda la subsección.",IF(AND(BS26=1),"Se encuentra un desnivel peligroso entre el borde del pavimento y el espaldón, o la superficie está muy erosionada, con baches profundos o material suelto, o el ancho muy reducido del original."))))) -> FALSE | BU26: 4 | BV26: =IF(BU26=5,"Las señales son completamente adecuadas en número y ubicación, ",IF(AND(BU26=4),"El señalamiento es bastante completo, faltando solamente algunas señales de guía para los usuarios que no conocen la ruta.",IF(AND(BU26=3),"El señalamiento es regular en cuanto a cantidad y ubicación, siendo notable la falta de algunas señales de precaución y de guía.",IF(AND(BU26=2),"Existen muy pocas señales",IF(AND(BU26=1),"No existen señales o son tan inadecuadas, que no proveen información útil al conductor."))))) -> El señalamiento es bastante completo, faltando solamente algunas señales de guía para los usuarios que no conocen la ruta. | BW26: 4 | BX26: =IF(BW26=5,"Todas las alcantarillas y cunetas están bastante limpias y funcionan debidamente.",IF(AND(BW26=4),"La mayoría de las alcantarillas y cunetas aparentemente funcionan bien, pero existen indicaciones en algunos sitios de que el agua se estanca.",IF(AND(BW26=3),"Parece que algunas alcantarillas o cunetas no tienen capacidad hidráulica suficiente, por la erosión o socavación aparente.",IF(AND(BW26=2),"Parece que la mayoría de las alcantarillas y cunetas son inadecuadas; o hay vados en varios sitios en vez de estructuras de drenaje.",IF(AND(BW26=1),"El agua escurre por la calzada durante períodos de lluvia sobre una buena parte de la sub-sección y no existen cunetas longitudinales definidas; las estructuras de drenaje no existen, o son completamente inadecuadas."))))) -> La mayoría de las alcantarillas y cunetas aparentemente funcionan bien, pero existen indicaciones en algunos sitios de que el agua se estanca. | BY26: 4 | BZ26: =IF(BY26=5,"Superficie lisa, sin baches ni irregularidades notables.",IF(AND(BY26=4),"Superficie generalmente lisa, pero con unas pequeñas corrugaciones u otras irregularidades aisladas, o con baches pequeños superficiales.",IF(AND(BY26=3),"Superficie con frecuentes baches o irregularidades .",IF(AND(BY26=2),"Superficie muy irregular o con baches extensos y frecuentes (o material suelto, en caso de superficies no pavimentadas).",IF(AND(BY26=1),"Superficie muy deteriorada o irregular (o material suelto), hasta tal grado, en casi todo el tramo."))))) -> Superficie generalmente lisa, pero con unas pequeñas corrugaciones u otras irregularidades aisladas, o con baches pequeños superficiales. | CA26: 5 | CB26: =IF(CA26=5,"No existen evidencias de fallas en la estructura del pavimento, con la posible excepción de algunas en la superficie de ruedo.",IF(AND(CA26=4),"Existen huellas o corrugaciones que se derivan por debajo de la superficie de ruedo, pero que son aisladas y de poca extensión.",IF(AND(CA26=3),"Existen deformaciones u otras fallas de consideración sobre una buena parte de la subsección y, aunque no son extensas todavía, parece que siguen extendiéndose.",IF(AND(CA26=2),"Existen deformaciones u otras fallas de consideración sobre la mayor parte del tramo.",IF(AND(CA26=1),"Existen corrugaciones o huellas profundas sobre casi toda la faja de ruedo del tramo, hasta tal grado que no sería factible corregir la falla de la estructura, sino que se tendría que reconstruirla completamente."))))) -> No existen evidencias de fallas en la estructura del pavimento, con la posible excepción de algunas en la superficie de ruedo. | CC26: =(K26*BM26)*365/1000000 -> 0
B27: 10171 | C27: 1 | D27: 1 | E27: 16 | F27: 2 | G27: 137 | H27: =IF(G27<100,"Primaria",IF(AND(G27>39,G27<300),"Secundaria",IF(AND(G27>299),"Terciaria"))) -> Secundaria | I27: 3 | J27: =IF(I27=1,"Red de Alta Capacidad",IF(AND(I27=2),"Distribuidores Regionales",IF(AND(I27=3),"Conectores de Integración Territorial",IF(AND(I27=4),"Red Básica de Accesso")))) -> Conectores de Integración Territorial | K27: =P27+$T27+$X27+$AB27+$AG27+$AK27+$AW27+AO27+AS27 -> 10.045 | L27: =L26+K27 -> 68.075 | P27: =SUM(M27:O27) -> 0 | Q27: 10.045 | T27: =SUM(Q27:S27) -> 10.045 | X27: =U27+V27+W27 -> 0 | AB27: =Y27+Z27+AA27 -> 0 | AC27: =T27+X27+AB27 -> 10.045 | AG27: =SUM(AD27:AF27) -> 0 | AK27: =SUM(AH27:AJ27) -> 0 | AO27: =SUM(AL27:AN27) -> 0 | AS27: =SUM(AP27:AR27) -> 0 | AW27: =SUM(AT27:AV27) -> 0 | AX27: San Pedro Turrubares (R.319) - Paso Agres (Escuela) | AY27: 09/08 | AZ27: 03/16 | BA27: 12,00 - 14,00 | BB27: 1 | BC27: 3 | BD27: =IF(BC27=1,"Llano (Pendientes naturales del terreno entre 0 y 5%)",IF(AND(BC27=2),"Algo Ondulado (Pendientes naturales del terreno entre 6 y 14%)",IF(AND(BC27=3),"Muy Ondulado (Pendientes naturales del terreno entre 15 y 25%)",IF(AND(BC27=4),"Montañoso (Pendientes naturales del terreno mayores a 25%)")))) -> Muy Ondulado (Pendientes naturales del terreno entre 15 y 25%) | BE27: 1 | BF27: =VLOOKUP(BE27,'Códigos 2'!$A$1:$B$12,2,FALSE) -> Carpeta Asfáltica (CA) | BG27: 2 | BH27: 6 | BI27: 0 | BJ27: =IF(BI27=0,"No existe",IF(AND(BI27=1),"Pavimentado",IF(AND(BI27=2),"Mejorado",IF(AND(BI27=3),"Tierra")))) -> No existe | BK27: 0 | BL27: 40 | BN27: 2 | BO27: =IF(BN27=5,"Alineamiento recto o con curvas tan suaves que no exigen una reducción significativa en la velocidad promedio normal de recorrido.",IF(AND(BN27=4),"Alineamiento con algunas curvas que exigen una reducción significativa en la velocidad promedio de circulación.",IF(AND(BN27=3),"Alineamiento algo sinuoso, pero con curvas cerradas que son aparentes y consistentes con las gradientes y las demás características del camino y del terreno que se atraviesa.",IF(AND(BN27=2),"Curvas cerradas frecuentes y, por lo general, inconsistentes con el terreno y la clase de carretera.",IF(AND(BN27=1),"Alineamiento muy sinuoso en todo el tramo, condición que admite solamente una velocidad de circulación muy baja."))))) -> Curvas cerradas frecuentes y, por lo general, inconsistentes con el terreno y la clase de carretera. | BP27: 1 | BQ27: =IF(BP27=5,"Pendientes menores del 3% en todo el tramo.",IF(AND(BP27=4),"Pendientes generalmente menores del 3% pero con algunas cuestas de corta longitud de hasta el 5%.",IF(AND(BP27=3),"Pendientes generalmente entre 3 y 6%, pero con una rasante ondulada y, consecuentemente, con tramos cortos de subida fuerte.",IF(AND(BP27=2),"Pendientes sostenidas entre 5 y 8% sobre una buena parte del tramo, condición que afecta en forma marcada la velocidad de recorrido y, cuando hay bastante tránsito, provoca frecuentes colas de vehículos detrás de los vehículos pesados.",IF(AND(BP27=1),"Pendientes sostenidas en exceso del 7% en casi todo el tramo. "))))) -> Pendientes sostenidas en exceso del 7% en casi todo el tramo. | BR27: 1 | BS27: 0 | BT27: =IF(BS27=5,"Superficie de los espaldones firme y regular, y donde se puede utilizar el ancho como fue construido originalmente.",IF(AND(BS27=4),"Superficie generalmente firme y utilizable en todo tiempo, pero con algunos tramos cortos en que el ancho inicial ha sido reducido por erosión u otras causas.",IF(AND(BS27=3),"Superficie erosionada o con baches profundos sobre una buena parte de la subsección, de manera que se inhibe el uso de los espaldones en la debida forma en esa parte.",IF(AND(BS27=2),"Superficie erosionada o con baches profundos, o el ancho transitable de los espaldones reducido sustancialmente, en casi toda la subsección.",IF(AND(BS27=1),"Se encuentra un desnivel peligroso entre el borde del pavimento y el espaldón, o la superficie está muy erosionada, con baches profundos o material suelto, o el ancho muy reducido del original."))))) -> FALSE | BU27: 4 | BV27: =IF(BU27=5,"Las señales son completamente adecuadas en número y ubicación, ",IF(AND(BU27=4),"El señalamiento es bastante completo, faltando solamente algunas señales de guía para los usuarios que no conocen la ruta.",IF(AND(BU27=3),"El señalamiento es regular en cuanto a cantidad y ubicación, siendo notable la falta de algunas señales de precaución y de guía.",IF(AND(BU27=2),"Existen muy pocas señales",IF(AND(BU27=1),"No existen señales o son tan inadecuadas, que no proveen información útil al conductor."))))) -> El señalamiento es bastante completo, faltando solamente algunas señales de guía para los usuarios que no conocen la ruta. | BW27: 4 | BX27: =IF(BW27=5,"Todas las alcantarillas y cunetas están bastante limpias y funcionan debidamente.",IF(AND(BW27=4),"La mayoría de las alcantarillas y cunetas aparentemente funcionan bien, pero existen indicaciones en algunos sitios de que el agua se estanca.",IF(AND(BW27=3),"Parece que algunas alcantarillas o cunetas no tienen capacidad hidráulica suficiente, por la erosión o socavación aparente.",IF(AND(BW27=2),"Parece que la mayoría de las alcantarillas y cunetas son inadecuadas; o hay vados en varios sitios en vez de estructuras de drenaje.",IF(AND(BW27=1),"El agua escurre por la calzada durante períodos de lluvia sobre una buena parte de la sub-sección y no existen cunetas longitudinales definidas; las estructuras de drenaje no existen, o son completamente inadecuadas."))))) -> La mayoría de las alcantarillas y cunetas aparentemente funcionan bien, pero existen indicaciones en algunos sitios de que el agua se estanca. | BY27: 4 | BZ27: =IF(BY27=5,"Superficie lisa, sin baches ni irregularidades notables.",IF(AND(BY27=4),"Superficie generalmente lisa, pero con unas pequeñas corrugaciones u otras irregularidades aisladas, o con baches pequeños superficiales.",IF(AND(BY27=3),"Superficie con frecuentes baches o irregularidades .",IF(AND(BY27=2),"Superficie muy irregular o con baches extensos y frecuentes (o material suelto, en caso de superficies no pavimentadas).",IF(AND(BY27=1),"Superficie muy deteriorada o irregular (o material suelto), hasta tal grado, en casi todo el tramo."))))) -> Superficie generalmente lisa, pero con unas pequeñas corrugaciones u otras irregularidades aisladas, o con baches pequeños superficiales. | CA27: 5 | CB27: =IF(CA27=5,"No existen evidencias de fallas en la estructura del pavimento, con la posible excepción de algunas en la superficie de ruedo.",IF(AND(CA27=4),"Existen huellas o corrugaciones que se derivan por debajo de la superficie de ruedo, pero que son aisladas y de poca extensión.",IF(AND(CA27=3),"Existen deformaciones u otras fallas de consideración sobre una buena parte de la subsección y, aunque no son extensas todavía, parece que siguen extendiéndose.",IF(AND(CA27=2),"Existen deformaciones u otras fallas de consideración sobre la mayor parte del tramo.",IF(AND(CA27=1),"Existen corrugaciones o huellas profundas sobre casi toda la faja de ruedo del tramo, hasta tal grado que no sería factible corregir la falla de la estructura, sino que se tendría que reconstruirla completamente."))))) -> No existen evidencias de fallas en la estructura del pavimento, con la posible excepción de algunas en la superficie de ruedo. | CC27: =(K27*BM27)*365/1000000 -> 0
